year,init_month,sst_mdr,anomaly_mdr,sst_trop,anomaly_trop,gcm_id
1993,4,299.90527,-0.2472635904947916,298.31116,-0.021453857421875,1
1993,5,300.10464,-0.1825663248697916,298.3765,-0.0154317220052083,1
1993,6,300.09903,-0.2422892252604166,298.39285,-0.0653584798177083,1
1993,7,300.09305,-0.312713623046875,298.45474,-0.0944620768229166,1
1994,4,299.83337,-0.31915283203125,298.15622,-0.1764119466145833,1
1994,5,299.96774,-0.3194681803385417,298.1852,-0.2067159016927083,1
1994,6,299.92236,-0.4189656575520833,298.32785,-0.1303609212239583,1
1994,7,299.87704,-0.528717041015625,298.31262,-0.2365926106770833,1
1995,4,300.17822,0.02569580078125,298.20435,-0.1282755533854166,1
1995,5,300.32724,0.0400288899739583,298.2068,-0.1851399739583333,1
1995,6,300.60455,0.263214111328125,298.32727,-0.1309611002604166,1
1995,7,300.78894,0.3831888834635417,298.51303,-0.03619384765625,1
1996,4,299.93115,-0.2213643391927083,298.1688,-0.163818359375,1
1996,5,300.08115,-0.2060546875,298.25864,-0.13330078125,1
1996,6,300.0925,-0.2488505045572916,298.31662,-0.1416015625,1
1996,7,300.30142,-0.104339599609375,298.41785,-0.1313883463541666,1
1997,4,300.08438,-0.0681559244791666,298.44824,0.115631103515625,1
1997,5,300.43375,0.1465555826822916,298.5524,0.1604817708333333,1
1997,6,300.51697,0.175628662109375,298.628,0.169769287109375,1
1997,7,300.4891,0.0833333333333333,298.7187,0.169464111328125,1
1998,4,300.21414,0.0616048177083333,298.38293,0.050323486328125,1
1998,5,300.49942,0.21221923828125,298.49362,0.1016642252604166,1
1998,6,300.62546,0.2840983072916667,298.56363,0.1054178873697916,1
1998,7,300.6284,0.2226359049479166,298.61194,0.0627237955729166,1
1999,4,300.1106,-0.0419413248697916,298.1317,-0.2008870442708333,1
1999,5,300.2029,-0.0842692057291666,298.13974,-0.2522074381510417,1
1999,6,300.39532,0.053985595703125,298.24338,-0.2148335774739583,1
1999,7,300.28635,-0.1194254557291666,298.31482,-0.234405517578125,1
2000,4,300.11856,-0.0339457194010416,298.12985,-0.2027689615885416,1
2000,5,300.14688,-0.1402994791666666,298.24768,-0.1442667643229166,1
2000,6,300.0895,-0.2518208821614583,298.30002,-0.1582234700520833,1
2000,7,300.08817,-0.3175862630208333,298.41537,-0.1338399251302083,1
2001,4,300.1365,-0.0160115559895833,298.34402,0.0114237467447916,1
2001,5,300.25732,-0.0298665364583333,298.41165,0.01971435546875,1
2001,6,300.38654,0.045196533203125,298.45752,-0.0007120768229166,1
2001,7,300.50293,0.0971577962239583,298.60934,0.0601298014322916,1
2002,4,300.2333,0.0808003743489583,298.49966,0.16705322265625,1
2002,5,300.27347,-0.0137125651041666,298.538,0.1460469563802083,1
2002,6,300.1329,-0.2084248860677083,298.5936,0.1353556315104166,1
2002,7,300.14206,-0.2636922200520833,298.6738,0.1245625813802083,1
2003,4,300.3076,0.1550394694010416,298.3982,0.0655721028645833,1
2003,5,300.3599,0.07269287109375,298.41785,0.0259195963541666,1
2003,6,300.418,0.0766805013020833,298.50107,0.0428466796875,1
2003,7,300.5094,0.1036376953125,298.68936,0.1401570638020833,1
2004,4,300.36032,0.2078043619791666,298.4916,0.1590169270833333,1
2004,5,300.39868,0.111480712890625,298.55624,0.1642964680989583,1
2004,6,300.43246,0.0911153157552083,298.58484,0.1266072591145833,1
2004,7,300.68604,0.2802836100260417,298.63412,0.0848897298177083,1
2005,4,300.56946,0.4169413248697917,298.65707,0.3244730631510417,1
2005,5,300.68042,0.3932291666666667,298.71103,0.3190816243489583,1
2005,6,300.72177,0.3804423014322917,298.72,0.26177978515625,1
2005,7,300.88174,0.475982666015625,298.77417,0.2249348958333333,1
2006,4,300.32785,0.1753336588541666,298.5399,0.2072855631510416,1
2006,5,300.69592,0.4087117513020833,298.6146,0.2226460774739583,1
2006,6,300.81833,0.4769795735677083,298.7051,0.24688720703125,1
2006,7,300.60992,0.20416259765625,298.75217,0.2029317220052083,1
2007,4,300.34042,0.1878865559895833,298.53796,0.2053426106770833,1
2007,5,300.57327,0.28607177734375,298.52588,0.133941650390625,1
2007,6,300.54703,0.2056884765625,298.6261,0.1678670247395833,1
2007,7,300.52588,0.1201273600260416,298.70963,0.160400390625,1
2008,4,300.46957,0.3170369466145833,298.52237,0.18975830078125,1
2008,5,300.5616,0.2744242350260417,298.57095,0.17901611328125,1
2008,6,300.76053,0.419189453125,298.69934,0.241119384765625,1
2008,7,300.69223,0.286468505859375,298.705,0.1557515462239583,1
2009,4,300.23013,0.0775960286458333,298.66327,0.330657958984375,1
2009,5,300.27844,-0.008758544921875,298.81137,0.4194437662760417,1
2009,6,300.41348,0.0721638997395833,298.8994,0.4412027994791667,1
2009,7,300.70187,0.2960917154947917,298.99796,0.4487202962239583,1
2010,4,300.863,0.7104899088541666,298.7317,0.3990681966145833,1
2010,5,300.95642,0.669219970703125,298.75647,0.3645222981770833,1
2010,6,301.1155,0.7741800944010416,298.79123,0.3330179850260417,1
2010,7,301.07214,0.6663716634114584,298.77173,0.2224934895833333,1
2011,4,300.5117,0.3591715494791667,298.6323,0.2996622721354167,1
2011,5,300.5743,0.2870890299479167,298.67685,0.2849222819010417,1
2011,6,300.69913,0.3577779134114583,298.67776,0.21954345703125,1
2011,7,300.8116,0.405853271484375,298.67398,0.1247762044270833,1
2012,4,300.41977,0.267242431640625,298.67215,0.3395284016927083,1
2012,5,300.4514,0.1641845703125,298.68823,0.2962849934895833,1
2012,6,300.63892,0.297576904296875,298.7755,0.3172810872395833,1
2012,7,300.6567,0.2509562174479167,298.82388,0.2746480305989583,1
2013,4,300.39938,0.2468465169270833,298.687,0.354400634765625,1
2013,5,300.5942,0.3070170084635417,298.7161,0.3241678873697917,1
2013,6,300.4832,0.1418558756510416,298.73923,0.281005859375,1
2013,7,300.54358,0.1378072102864583,298.73013,0.1808980305989583,1
2014,4,300.30045,0.1479085286458333,298.89062,0.5580240885416666,1
2014,5,300.50327,0.2160441080729166,298.93875,0.5468241373697916,1
2014,6,300.50485,0.1635233561197916,298.9448,0.4865620930989583,1
2014,7,300.55972,0.153961181640625,298.94006,0.3908284505208333,1
2015,4,300.41818,0.2656453450520833,299.0037,0.6711018880208334,1
2015,5,300.59387,0.3066813151041667,299.11624,0.7242940266927084,1
2015,6,300.51492,0.1735738118489583,299.1216,0.6634114583333334,1
2015,7,300.57727,0.1715189615885416,299.1718,0.622589111328125,1
2016,4,300.4648,0.3122965494791667,298.93176,0.599151611328125,1
2016,5,300.64563,0.3584187825520833,298.95605,0.5641276041666666,1
2016,6,300.82547,0.4841512044270833,299.04617,0.5879618326822916,1
2016,7,300.8121,0.4063212076822917,299.0919,0.5426737467447916,1
2017,4,300.50085,0.3483378092447917,298.93008,0.5974833170572916,1
2017,5,300.76917,0.481964111328125,298.99377,0.6018269856770834,1
2017,6,300.9928,0.651458740234375,299.01837,0.560150146484375,1
2017,7,301.01022,0.6044413248697916,299.1075,0.5582682291666666,1
2018,4,300.40503,0.2525126139322917,298.7484,0.4157918294270833,1
2018,5,300.41263,0.1254475911458333,298.80142,0.4095052083333333,1
2018,6,300.4664,0.12506103515625,298.87308,0.4148763020833333,1
2018,7,300.4247,0.0189412434895833,298.91367,0.3644307454427083,1
2025,4,300.6958,0.5432840983072916,299.09695,0.7643636067708334,1
2025,5,300.729,0.441802978515625,299.12527,0.7333475748697916,1
2025,6,301.00113,0.6598103841145834,299.1586,0.7003885904947916,1
2025,7,300.946,0.5402323404947916,299.13284,0.5836385091145834,1
1993,4,299.53616,-0.261749267578125,298.6067,0.0651957194010416,2
1993,5,299.64322,-0.2520548502604167,298.5612,0.00433349609375,2
1993,6,299.8548,-0.23681640625,298.64352,0.0014546712239583,2
1993,7,300.07767,-0.2745157877604167,298.74158,-0.0240580240885416,2
1994,4,299.37625,-0.421661376953125,298.40454,-0.1369527180989583,2
1994,5,299.58066,-0.314605712890625,298.39896,-0.1578877766927083,2
1994,6,299.61313,-0.4784952799479167,298.51807,-0.1239827473958333,2
1994,7,299.80722,-0.544952392578125,298.54843,-0.2171834309895833,2
1995,4,299.8457,0.04779052734375,298.44635,-0.09515380859375,2
1995,5,300.05225,0.1569722493489583,298.52698,-0.029876708984375,2
1995,6,300.34006,0.2484334309895833,298.57095,-0.0710957845052083,2
1995,7,300.80685,0.4546712239583333,298.78983,0.0242106119791666,2
1996,4,299.6885,-0.1093953450520833,298.47964,-0.0618693033854166,2
1996,5,299.8121,-0.0831807454427083,298.48782,-0.0690104166666666,2
1996,6,299.9657,-0.1259256998697916,298.54358,-0.098480224609375,2
1996,7,300.246,-0.106170654296875,298.67575,-0.089874267578125,2
1997,4,299.8446,0.0466817220052083,298.6748,0.13330078125,2
1997,5,299.99924,0.103973388671875,298.7352,0.1783447265625,2
1997,6,300.28384,0.1922403971354166,298.81775,0.1756998697916666,2
1997,7,300.4718,0.1196187337239583,298.99976,0.2341410319010416,2
1998,4,300.03006,0.2321573893229166,298.63156,0.090057373046875,2
1998,5,300.15286,0.2576090494791667,298.66907,0.1122029622395833,2
1998,6,300.35822,0.2666015625,298.7724,0.130340576171875,2
1998,7,300.60928,0.2571004231770833,298.8367,0.071075439453125,2
1999,4,299.76022,-0.0376993815104166,298.2782,-0.2633056640625,2
1999,5,299.93265,0.0373942057291666,298.2927,-0.2641499837239583,2
1999,6,300.1902,0.09857177734375,298.43512,-0.206939697265625,2
1999,7,300.20328,-0.1489054361979166,298.52673,-0.2389017740885416,2
2000,4,299.7157,-0.0822245279947916,298.35965,-0.1818644205729166,2
2000,5,299.78433,-0.110931396484375,298.41806,-0.1387837727864583,2
2000,6,299.84232,-0.249298095703125,298.48044,-0.1616414388020833,2
2000,7,300.13474,-0.217437744140625,298.59872,-0.1669108072916666,2
2001,4,299.74185,-0.0560506184895833,298.54886,0.0073445638020833,2
2001,5,299.76883,-0.1264444986979166,298.56473,0.0078938802083333,2
2001,6,300.0292,-0.062408447265625,298.62488,-0.017181396484375,2
2001,7,300.3588,0.0066324869791666,298.7869,0.0212910970052083,2
2002,4,299.7673,-0.030609130859375,298.6304,0.0889078776041666,2
2002,5,299.82632,-0.0689493815104166,298.63834,0.0814717610677083,2
2002,6,299.8237,-0.267913818359375,298.7762,0.1341451009114583,2
2002,7,300.11954,-0.2326456705729166,298.8563,0.0906473795572916,2
2003,4,299.91245,0.1145121256510416,298.53607,-0.00543212890625,2
2003,5,299.92813,0.0328572591145833,298.53122,-0.0256245930989583,2
2003,6,300.1704,0.0787862141927083,298.65738,0.0153401692708333,2
2003,7,300.35825,0.0060628255208333,298.873,0.10736083984375,2
2004,4,300.04358,0.24566650390625,298.67532,0.1338094075520833,2
2004,5,299.9636,0.0683390299479166,298.657,0.1001688639322916,2
2004,6,300.16364,0.072021484375,298.70486,0.06280517578125,2
2004,7,300.50247,0.1503092447916666,298.78577,0.0201314290364583,2
2005,4,300.1107,0.3127848307291667,298.76764,0.22613525390625,2
2005,5,300.1942,0.2989400227864583,298.75748,0.2006327311197916,2
2005,6,300.55594,0.4643147786458333,298.8016,0.1595458984375,2
2005,7,300.8821,0.5299479166666666,298.9337,0.168060302734375,2
2006,4,299.8647,0.0667724609375,298.67642,0.1349385579427083,2
2006,5,300.14352,0.2482401529947916,298.7081,0.1512349446614583,2
2006,6,300.44443,0.3527933756510417,298.80847,0.1664225260416666,2
2006,7,300.53073,0.1785685221354166,298.89255,0.1269327799479166,2
2007,4,299.83536,0.037445068359375,298.57858,0.0370890299479166,2
2007,5,300.05618,0.160919189453125,298.57498,0.01812744140625,2
2007,6,300.1389,0.0472819010416666,298.6433,0.0012613932291666,2
2007,7,300.36765,0.0154622395833333,298.80295,0.0373128255208333,2
2008,4,299.95532,0.1573994954427083,298.5281,-0.0134073893229166,2
2008,5,300.1162,0.2209574381510416,298.6027,0.04583740234375,2
2008,6,300.41418,0.32257080078125,298.71085,0.0687967936197916,2
2008,7,300.6279,0.2757161458333333,298.78232,0.0167032877604166,2
2009,4,299.64413,-0.153778076171875,298.6835,0.1420186360677083,2
2009,5,299.70895,-0.186309814453125,298.8058,0.2489420572916666,2
2009,6,299.99997,-0.0916646321614583,298.9276,0.2855631510416667,2
2009,7,300.58344,0.23126220703125,299.08548,0.3198649088541667,2
2010,4,300.46527,0.6673583984375,298.74405,0.2025349934895833,2
2010,5,300.7317,0.83642578125,298.7253,0.1684468587239583,2
2010,6,300.8831,0.7914937337239584,298.7849,0.1428629557291666,2
2010,7,301.071,0.7188517252604166,298.85312,0.0874837239583333,2
2011,4,299.9606,0.1627095540364583,298.66666,0.1251424153645833,2
2011,5,300.1337,0.2384236653645833,298.67816,0.121307373046875,2
2011,6,300.37173,0.2801310221354167,298.70633,0.0642801920572916,2
2011,7,300.7012,0.3490498860677083,298.77115,0.0055440266927083,2
2012,4,299.92886,0.130950927734375,298.75208,0.2105611165364583,2
2012,5,299.9382,0.0429280598958333,298.73795,0.1811116536458333,2
2012,6,300.22775,0.1361185709635416,298.8287,0.1866455078125,2
2012,7,300.51297,0.1608174641927083,298.87314,0.1075032552083333,2
2013,4,299.92282,0.1249186197916666,298.71487,0.173370361328125,2
2013,5,300.13272,0.2374776204427083,298.73215,0.1752827962239583,2
2013,6,300.20358,0.111968994140625,298.76447,0.122406005859375,2
2013,7,300.44278,0.090606689453125,298.83542,0.0697733561197916,2
2014,4,299.67953,-0.1183675130208333,298.87735,0.3358561197916667,2
2014,5,299.96466,0.06939697265625,298.9374,0.3805440266927083,2
2014,6,300.05908,-0.03253173828125,298.912,0.269927978515625,2
2014,7,300.27908,-0.073089599609375,298.99008,0.224456787109375,2
2015,4,299.75412,-0.0438130696614583,298.97763,0.436126708984375,2
2015,5,299.96243,0.0671895345052083,299.13943,0.5826009114583334,2
2015,6,300.00717,-0.084442138671875,299.13962,0.4975484212239583,2
2015,7,300.40662,0.0544535319010416,299.2581,0.492462158203125,2
2016,4,299.8878,0.0898844401041666,298.8663,0.324798583984375,2
2016,5,300.14438,0.249114990234375,298.89517,0.3383280436197917,2
2016,6,300.4484,0.356781005859375,299.00037,0.3582967122395833,2
2016,7,300.65112,0.2989603678385417,299.1418,0.3761698404947917,2
2021,4,300.07855,0.2806396484375,298.89462,0.3531087239583333,2
2021,5,300.28827,0.39300537109375,298.9461,0.389251708984375,2
2021,6,300.46115,0.3695475260416667,299.05164,0.4095865885416667,2
2021,7,300.6279,0.2757059733072917,299.09775,0.3321024576822917,2
2022,4,299.95874,0.1608378092447916,298.7559,0.2143961588541666,2
2022,5,300.10422,0.2089436848958333,298.72284,0.165985107421875,2
2022,6,300.4921,0.4005025227864583,298.89658,0.2545064290364583,2
2022,7,300.55692,0.2047322591145833,298.9076,0.1419677734375,2
2023,4,300.41745,0.619537353515625,299.15366,0.612152099609375,2
2023,5,300.79016,0.8949076334635416,299.26126,0.7043965657552084,2
2023,6,301.13016,1.038543701171875,299.29214,0.6500752766927084,2
2023,7,301.5594,1.20721435546875,299.37988,0.6142578125,2
2024,4,300.66302,0.8651123046875,299.02615,0.4846598307291667,2
2024,5,300.83752,0.9422505696614584,299.09167,0.534820556640625,2
2024,6,301.2452,1.1535746256510415,299.1345,0.4924112955729167,2
2024,7,301.31125,0.959075927734375,299.24326,0.477630615234375,2
2025,4,300.10855,0.310638427734375,299.02554,0.4840494791666667,2
2025,5,300.26587,0.3705952962239583,299.01608,0.4592386881510417,2
2025,6,300.51004,0.4184366861979167,299.09903,0.45697021484375,2
2025,7,300.79224,0.4400533040364583,299.1135,0.3478495279947917,2
1993,4,300.31247,-0.062286376953125,298.3496,0.151885986328125,3
1993,5,300.2861,-0.019500732421875,298.25427,0.110107421875,3
1993,6,299.9763,-0.2641092936197917,298.25107,0.099090576171875,3
1993,7,299.91992,-0.159515380859375,298.20105,0.0370585123697916,3
1994,4,300.07898,-0.2957865397135417,298.22717,0.0294392903645833,3
1994,5,300.01962,-0.2860005696614583,298.2173,0.0731099446614583,3
1994,6,299.72574,-0.5146484375,298.17822,0.0262451171875,3
1994,7,299.56445,-0.5149943033854166,298.18924,0.0252278645833333,3
1995,4,300.2595,-0.1152852376302083,298.28745,0.0897318522135416,3
1995,5,300.24686,-0.0587361653645833,298.17032,0.026153564453125,3
1995,6,300.35782,0.1174519856770833,298.25586,0.1038716634114583,3
1995,7,300.2186,0.1391499837239583,298.25916,0.0951436360677083,3
1996,4,300.3132,-0.0615437825520833,298.05905,-0.1386820475260416,3
1996,5,300.24905,-0.0565388997395833,297.99323,-0.15093994140625,3
1996,6,300.0989,-0.1414896647135416,298.0118,-0.1401875813802083,3
1996,7,300.15048,0.071044921875,298.00406,-0.159942626953125,3
1997,4,300.4366,0.0618489583333333,298.0767,-0.1210225423177083,3
1997,5,300.43735,0.1317342122395833,298.10837,-0.0357869466145833,3
1997,6,300.59607,0.3556925455729167,298.1736,0.021636962890625,3
1997,7,300.22876,0.1493326822916666,298.24933,0.0853271484375,3
1998,4,300.8149,0.4401448567708333,298.3253,0.1275431315104166,3
1998,5,300.88367,0.5780741373697916,298.29166,0.1474812825520833,3
1998,6,300.66837,0.4279988606770833,298.3026,0.150634765625,3
1998,7,300.41458,0.3351338704427083,298.2514,0.08740234375,3
1999,4,300.18036,-0.19439697265625,297.91977,-0.2779541015625,3
1999,5,300.2107,-0.0948994954427083,297.87503,-0.2691446940104167,3
1999,6,300.18393,-0.0564473470052083,297.85358,-0.29840087890625,3
1999,7,299.81143,-0.2679951985677083,297.8619,-0.3020833333333333,3
2000,4,300.1785,-0.1962381998697916,298.0126,-0.1851298014322916,3
2000,5,300.06763,-0.2379659016927083,297.93845,-0.2057088216145833,3
2000,6,300.05368,-0.1867167154947916,297.96103,-0.1909688313802083,3
2000,7,299.78445,-0.2949930826822917,297.93335,-0.2306620279947916,3
2001,4,300.37936,0.0045878092447916,298.2018,0.0040791829427083,3
2001,5,300.12747,-0.1781412760416666,298.14432,0.0001627604166666,3
2001,6,299.98743,-0.2529500325520833,298.1044,-0.0475870768229166,3
2001,7,299.64343,-0.436004638671875,298.09512,-0.0688680013020833,3
2002,4,300.4858,0.1110331217447916,298.34366,0.1459452311197916,3
2002,5,300.28903,-0.0165608723958333,298.27518,0.1310017903645833,3
2002,6,300.15222,-0.0881551106770833,298.2272,0.0752156575520833,3
2002,7,300.02463,-0.0548197428385416,298.27368,0.1096903483072916,3
2003,4,300.27,-0.104766845703125,298.23538,0.0376790364583333,3
2003,5,300.32715,0.02154541015625,298.2145,0.0703328450520833,3
2003,6,300.4384,0.1980183919270833,298.2748,0.122833251953125,3
2003,7,300.48303,0.4036051432291667,298.38785,0.2238362630208333,3
2004,4,300.4949,0.120147705078125,298.27628,0.0785420735677083,3
2004,5,300.2757,-0.0299072265625,298.2014,0.0572306315104166,3
2004,6,300.21924,-0.021148681640625,298.16312,0.0111287434895833,3
2004,7,300.19003,0.1105753580729166,298.18634,0.0223388671875,3
2005,4,300.6672,0.2924296061197917,298.25558,0.057861328125,3
2005,5,300.55246,0.2468668619791666,298.1901,0.045928955078125,3
2005,6,300.66675,0.4263712565104167,298.2183,0.066314697265625,3
2005,7,300.5991,0.5196533203125,298.23953,0.075531005859375,3
2006,4,300.3109,-0.0638529459635416,298.12973,-0.0680135091145833,3
2006,5,300.5331,0.227508544921875,298.1051,-0.0390625,3
2006,6,300.51648,0.276092529296875,298.06912,-0.082855224609375,3
2006,7,300.21014,0.130706787109375,298.09088,-0.0731201171875,3
2007,4,300.31186,-0.062896728515625,298.0731,-0.1246439615885416,3
2007,5,300.12695,-0.1786600748697916,297.9949,-0.149261474609375,3
2007,6,299.9807,-0.259674072265625,297.98605,-0.1659138997395833,3
2007,7,299.79932,-0.2801106770833333,298.04352,-0.1204833984375,3
2008,4,300.19534,-0.1794230143229166,297.9639,-0.23382568359375,3
2008,5,300.1111,-0.1944986979166666,297.97195,-0.1722005208333333,3
2008,6,299.9662,-0.274200439453125,297.94183,-0.21014404296875,3
2008,7,299.84207,-0.2373555501302083,297.99362,-0.1703999837239583,3
2009,4,300.07468,-0.300079345703125,298.06873,-0.128997802734375,3
2009,5,300.1812,-0.1243896484375,298.11832,-0.0258382161458333,3
2009,6,299.9205,-0.3199055989583333,298.18808,0.0360819498697916,3
2009,7,300.04843,-0.0309956868489583,298.25607,0.0920817057291666,3
2010,4,300.84573,0.470977783203125,298.2047,0.006988525390625,3
2010,5,300.9128,0.6071879069010416,298.20386,0.0596923828125,3
2010,6,300.8144,0.574005126953125,298.17548,0.02349853515625,3
2010,7,300.56674,0.4872843424479167,298.12036,-0.0436503092447916,3
2011,4,300.35242,-0.0223286946614583,298.0016,-0.1961466471354166,3
2011,5,300.42422,0.1186421712239583,298.007,-0.137176513671875,3
2011,6,300.35922,0.1188456217447916,297.91196,-0.2400309244791666,3
2011,7,300.15732,0.077880859375,297.94708,-0.2169189453125,3
2012,4,300.21973,-0.1550394694010416,297.90976,-0.2879740397135417,3
2012,5,300.2279,-0.0776875813802083,297.91858,-0.2255961100260416,3
2012,6,299.9966,-0.2437744140625,297.87955,-0.2724100748697917,3
2012,7,299.8897,-0.189727783203125,297.944,-0.2200113932291666,3
2013,4,300.2703,-0.1044413248697916,298.0823,-0.1154276529947916,3
2013,5,300.33118,0.0255839029947916,298.04398,-0.1001688639322916,3
2013,6,300.07263,-0.167755126953125,297.97244,-0.1795247395833333,3
2013,7,299.67047,-0.408966064453125,297.99838,-0.1656290690104166,3
2014,4,299.92062,-0.4541219075520833,298.23557,0.037841796875,3
2014,5,299.76147,-0.54412841796875,298.2042,0.0600179036458333,3
2014,6,299.87128,-0.369110107421875,298.21732,0.0653279622395833,3
2014,7,299.43887,-0.6405537923177084,298.19708,0.0330810546875,3
2015,4,299.85025,-0.5244954427083334,298.20676,0.0090230305989583,3
2015,5,299.80872,-0.4968770345052083,298.20798,0.063812255859375,3
2015,6,299.797,-0.4434000651041667,298.2571,0.105133056640625,3
2015,7,299.4639,-0.6155293782552084,298.293,0.1290181477864583,3
2016,4,300.22183,-0.1529337565104166,298.39404,0.1963297526041666,3
2016,5,300.37576,0.0701802571614583,298.41013,0.2659708658854167,3
2016,6,300.28873,0.04833984375,298.40024,0.2482503255208333,3
2016,7,299.92102,-0.1584269205729166,298.4046,0.2406005859375,3
2017,4,300.21964,-0.1551310221354166,298.2661,0.0684000651041666,3
2017,5,300.43484,0.129241943359375,298.2233,0.079132080078125,3
2017,6,300.0924,-0.1479695638020833,298.18665,0.0346577962239583,3
2017,7,299.9581,-0.121337890625,298.21887,0.05487060546875,3
2018,4,300.41684,0.0420939127604166,298.08115,-0.1165873209635416,3
2018,5,300.08383,-0.221771240234375,298.02664,-0.1175333658854166,3
2018,6,299.79343,-0.4469807942708333,298.05142,-0.100555419921875,3
2018,7,299.5659,-0.5135599772135416,298.0698,-0.0941975911458333,3
2019,4,300.301,-0.073760986328125,298.34488,0.1471761067708333,3
2019,5,300.10928,-0.1963094075520833,298.32767,0.1834920247395833,3
2019,6,299.88,-0.3603719075520833,298.32346,0.1714680989583333,3
2019,7,299.94083,-0.1386006673177083,298.3346,0.1706034342447916,3
2020,4,300.4978,0.123046875,298.26138,0.0636800130208333,3
2020,5,300.577,0.2713724772135417,298.24176,0.09759521484375,3
2020,6,300.4056,0.1652119954427083,298.16476,0.0127665201822916,3
2020,7,300.1971,0.1176656087239583,298.25027,0.0862630208333333,3
2021,4,300.36603,-0.00872802734375,298.01047,-0.1872762044270833,3
2021,5,300.17355,-0.132049560546875,297.96475,-0.1794230143229166,3
2021,6,300.0909,-0.1494649251302083,297.94516,-0.2068277994791666,3
2021,7,299.59653,-0.4829305013020833,297.97,-0.194000244140625,3
2022,4,300.25842,-0.1163431803385416,298.02722,-0.170501708984375,3
2022,5,300.15857,-0.14703369140625,297.93893,-0.205230712890625,3
2022,6,300.14658,-0.0938008626302083,297.9458,-0.2061665852864583,3
2022,7,299.92715,-0.1522725423177083,297.8815,-0.2824808756510417,3
2023,4,300.53387,0.15911865234375,298.25534,0.0576273600260416,3
2023,5,300.63596,0.3303324381510417,298.23453,0.0903523763020833,3
2023,6,301.04672,0.8063151041666666,298.2999,0.1479085286458333,3
2023,7,300.71005,0.630615234375,298.31766,0.1536763509114583,3
2025,4,300.5532,0.1784261067708333,298.3832,0.1854756673177083,3
2025,5,300.3571,0.0515034993489583,298.29947,0.155303955078125,3
2025,6,299.95026,-0.290130615234375,298.1809,0.0289408365885416,3
2025,7,299.68875,-0.3906758626302083,298.14774,-0.016265869140625,3
1993,4,299.36957,-0.125213623046875,298.05603,-0.0159708658854166,4
1993,5,299.47794,-0.2390645345052083,298.19287,-0.0066019694010416,4
1993,6,299.83847,-0.2044576009114583,298.32614,-0.022552490234375,4
1993,7,299.98825,-0.2009785970052083,298.46933,-0.0719807942708333,4
1994,4,299.2841,-0.210693359375,297.92715,-0.1448465983072916,4
1994,5,299.3817,-0.3352864583333333,298.0488,-0.1506754557291666,4
1994,6,299.5165,-0.526397705078125,298.18228,-0.1664021809895833,4
1994,7,299.5654,-0.6238606770833334,298.35513,-0.1861673990885416,4
1995,4,299.36624,-0.1285298665364583,298.00833,-0.06365966796875,4
1995,5,299.9214,0.2043660481770833,298.16794,-0.0315450032552083,4
1995,6,300.34705,0.3041483561197917,298.32083,-0.0278727213541666,4
1995,7,300.67395,0.4847005208333333,298.59146,0.0501708984375,4
1996,4,299.45056,-0.0442301432291666,297.90103,-0.1709696451822916,4
1996,5,299.54178,-0.17523193359375,298.04868,-0.1507771809895833,4
1996,6,299.8513,-0.191619873046875,298.18112,-0.1675821940104166,4
1996,7,300.01865,-0.17059326171875,298.4248,-0.1164957682291666,4
1997,4,299.32626,-0.1685078938802083,298.17624,0.1042582194010416,4
1997,5,299.69925,-0.0177714029947916,298.3643,0.1648457845052083,4
1997,6,300.05905,0.0161336263020833,298.57294,0.2242431640625,4
1997,7,300.2673,0.0780537923177083,298.73087,0.1895751953125,4
1998,4,299.94202,0.447235107421875,298.167,0.0949910481770833,4
1998,5,300.07413,0.3571370442708333,298.29852,0.09906005859375,4
1998,6,300.4349,0.3920084635416667,298.44067,0.0919698079427083,4
1998,7,300.546,0.3567403157552083,298.609,0.0677286783854166,4
1999,4,299.40912,-0.085662841796875,297.89688,-0.17510986328125,4
1999,5,299.71933,0.0023091634114583,298.0219,-0.17755126953125,4
1999,6,300.0353,-0.007598876953125,298.16956,-0.1791483561197916,4
1999,7,300.26328,0.0740152994791666,298.34323,-0.1980794270833333,4
2000,4,299.24643,-0.2483723958333333,297.99472,-0.0772705078125,4
2000,5,299.55618,-0.1608072916666666,298.1072,-0.092254638671875,4
2000,6,299.8262,-0.216705322265625,298.2123,-0.1363932291666666,4
2000,7,299.93365,-0.255584716796875,298.42654,-0.1147562662760416,4
2001,4,299.34918,-0.145599365234375,298.1225,0.050506591796875,4
2001,5,299.66113,-0.055877685546875,298.24258,0.0431315104166666,4
2001,6,300.0131,-0.029815673828125,298.38745,0.0387471516927083,4
2001,7,300.1177,-0.071533203125,298.6008,0.05950927734375,4
2002,4,299.50284,0.0080464680989583,298.23605,0.1640625,4
2002,5,299.61862,-0.0983784993489583,298.37106,0.1715901692708333,4
2002,6,299.83542,-0.207489013671875,298.48535,0.1366678873697916,4
2002,7,299.8054,-0.38385009765625,298.6591,0.1178181966145833,4
2003,4,299.61758,0.122802734375,298.1145,0.042510986328125,4
2003,5,299.8181,0.1011149088541666,298.19406,-0.005401611328125,4
2003,6,300.1019,0.058990478515625,298.42032,0.0716451009114583,4
2003,7,300.25916,0.0699055989583333,298.60632,0.0650227864583333,4
2004,4,299.67905,0.1842753092447916,298.14218,0.0701904296875,4
2004,5,299.6942,-0.0228068033854166,298.21973,0.0202534993489583,4
2004,6,300.09338,0.0504659016927083,298.36392,0.015228271484375,4
2004,7,300.23935,0.0501200358072916,298.57925,0.0379536946614583,4
2005,4,299.8893,0.3945210774739583,298.19333,0.121337890625,4
2005,5,300.15747,0.440460205078125,298.3154,0.1159159342447916,4
2005,6,300.605,0.562103271484375,298.47043,0.1217244466145833,4
2005,7,300.78232,0.5930887858072916,298.64087,0.0995890299479166,4
2006,4,299.5765,0.0817159016927083,298.19644,0.1244405110677083,4
2006,5,299.879,0.1619873046875,298.3014,0.1019185384114583,4
2006,6,300.24527,0.202362060546875,298.4534,0.1046956380208333,4
2006,7,300.26114,0.0718892415364583,298.65097,0.10968017578125,4
2007,4,299.6726,0.177825927734375,298.12527,0.0533040364583333,4
2007,5,299.8783,0.161285400390625,298.19022,-0.009246826171875,4
2007,6,300.1216,0.0787150065104166,298.33548,-0.013214111328125,4
2007,7,300.10672,-0.0825093587239583,298.55002,0.0087381998697916,4
2008,4,299.43948,-0.0552978515625,298.0796,0.0075887044270833,4
2008,5,299.80118,0.0841776529947916,298.22278,0.0233256022135416,4
2008,6,300.1241,0.0812174479166666,298.33957,-0.0091145833333333,4
2008,7,300.26126,0.0720113118489583,298.53458,-0.0067036946614583,4
2009,4,299.2282,-0.266571044921875,298.25705,0.1850382486979166,4
2009,5,299.46555,-0.2514750162760417,298.43756,0.23809814453125,4
2009,6,299.82117,-0.2217508951822916,298.6351,0.2863972981770833,4
2009,7,300.2319,0.0426534016927083,298.81128,0.269989013671875,4
2010,4,300.20438,0.7095947265625,298.2535,0.1815185546875,4
2010,5,300.5483,0.831298828125,298.3601,0.1606547037760416,4
2010,6,300.9326,0.889678955078125,298.42557,0.0768839518229166,4
2010,7,300.8911,0.7018839518229166,298.5469,0.005615234375,4
2011,4,299.55972,0.0649617513020833,298.1815,0.1094868977864583,4
2011,5,299.8414,0.1243794759114583,298.26935,0.06988525390625,4
2011,6,300.4175,0.3746236165364583,298.39804,0.0493367513020833,4
2011,7,300.47482,0.2855733235677083,298.48148,-0.0598042805989583,4
2012,4,299.47256,-0.0221964518229166,298.2394,0.1674397786458333,4
2012,5,299.71954,0.002532958984375,298.33142,0.1319580078125,4
2012,6,300.2075,0.1645609537760416,298.50894,0.160247802734375,4
2012,7,300.23715,0.0479227701822916,298.6165,0.0751953125,4
2013,4,299.46677,-0.0280253092447916,298.23856,0.1665751139322916,4
2013,5,299.94324,0.2262369791666666,298.3879,0.1884562174479166,4
2013,6,299.94022,-0.1027018229166666,298.45294,0.104248046875,4
2013,7,300.0928,-0.096435546875,298.6123,0.0710245768229166,4
2014,4,299.41983,-0.0749613444010416,298.41174,0.3397420247395833,4
2014,5,299.64706,-0.0699361165364583,298.52554,0.326080322265625,4
2014,6,299.8226,-0.2203267415364583,298.62662,0.2779134114583333,4
2014,7,299.94803,-0.2412007649739583,298.72058,0.1793009440104166,4
2015,4,299.58188,0.0870768229166666,298.5671,0.4950968424479167,4
2015,5,299.78748,0.0704549153645833,298.7168,0.5173238118489584,4
2015,6,299.7882,-0.2547098795572917,298.82877,0.4800821940104167,4
2015,7,299.9871,-0.2021586100260416,299.0423,0.501007080078125,4
2016,4,299.6568,0.162017822265625,298.48416,0.4121602376302083,4
2016,5,299.97852,0.2615152994791667,298.57498,0.375518798828125,4
2016,6,300.31424,0.2713216145833333,298.7548,0.4061177571614583,4
2016,7,300.34122,0.1519673665364583,298.90787,0.3665771484375,4
2017,4,299.73944,0.244659423828125,298.46103,0.3890380859375,4
2017,5,299.8358,0.1187540690104166,298.5676,0.368133544921875,4
2017,6,300.31592,0.27301025390625,298.72092,0.3722127278645833,4
2017,7,300.48276,0.29351806640625,298.873,0.331695556640625,4
2018,4,299.40598,-0.08880615234375,298.35324,0.28125,4
2018,5,299.57617,-0.1408284505208333,298.48642,0.2869466145833333,4
2018,6,299.76825,-0.274658203125,298.59726,0.2485453287760416,4
2018,7,299.7114,-0.47784423828125,298.74612,0.2048238118489583,4
2019,4,299.65622,0.1614481608072916,298.49753,0.425537109375,4
2019,5,299.81046,0.09344482421875,298.62183,0.4223531087239583,4
2019,6,300.092,0.049102783203125,298.7412,0.3925272623697917,4
2019,7,300.293,0.1037801106770833,298.9346,0.3933308919270833,4
2020,4,299.9991,0.50433349609375,298.46033,0.388336181640625,4
2020,5,300.04416,0.3271586100260417,298.54245,0.3429667154947917,4
2020,6,300.48477,0.441864013671875,298.71695,0.3682759602864583,4
2020,7,300.53146,0.3422037760416667,298.8497,0.3084004720052083,4
2021,4,299.64487,0.15008544921875,298.35672,0.2847493489583333,4
2021,5,299.9644,0.24737548828125,298.4783,0.2788492838541667,4
2021,6,300.2348,0.19189453125,298.6378,0.289093017578125,4
2021,7,300.2882,0.0989786783854166,298.72983,0.1885172526041666,4
2022,4,299.65533,0.160552978515625,298.29282,0.2208251953125,4
2022,5,299.95297,0.2359720865885416,298.356,0.156524658203125,4
2022,6,300.1776,0.1346944173177083,298.5107,0.1620076497395833,4
2022,7,300.2069,0.0176798502604166,298.58276,0.0414632161458333,4
2023,4,299.84225,0.3474833170572917,298.6154,0.5433858235677084,4
2023,5,300.22778,0.5107828776041666,298.76587,0.5663960774739584,4
2023,6,300.95718,0.9142964680989584,298.96347,0.614776611328125,4
2023,7,301.22162,1.032379150390625,299.09937,0.558074951171875,4
2024,4,300.42188,0.9271036783854166,298.56033,0.4883626302083333,4
2024,5,300.6085,0.8914794921875,298.69308,0.4936319986979167,4
2024,6,301.06238,1.01947021484375,298.8566,0.5078938802083334,4
2024,7,300.87552,0.686279296875,298.8048,0.2635091145833333,4
2025,4,299.80618,0.3114217122395833,298.4812,0.4092203776041667,4
2025,5,300.01233,0.295318603515625,298.63345,0.4339803059895833,4
2025,6,300.26657,0.223663330078125,298.77676,0.4280802408854167,4
2025,7,300.4065,0.2172444661458333,298.86523,0.323944091796875,4
1981,4,300.67236,0.2286275227864583,298.82712,-0.068603515625,5
1981,5,300.5986,0.0473225911458333,298.83487,-0.045013427734375,5
1981,6,300.7322,0.1136372884114583,298.83984,-0.03704833984375,5
1981,7,300.7655,0.1007486979166666,298.82242,-0.0605977376302083,5
1982,4,300.36465,-0.0790608723958333,298.881,-0.0147196451822916,5
1982,5,300.5048,-0.0464579264322916,298.83664,-0.0432535807291666,5
1982,6,300.4166,-0.201995849609375,298.843,-0.0338948567708333,5
1982,7,300.36063,-0.30413818359375,298.81592,-0.0671183268229166,5
1983,4,300.5037,0.0599568684895833,298.90836,0.0126546223958333,5
1983,5,300.56314,0.0118916829427083,298.8915,0.011627197265625,5
1983,6,300.5223,-0.0963033040364583,298.89566,0.0187581380208333,5
1983,7,300.5366,-0.1281941731770833,298.90085,0.017822265625,5
1984,4,300.1708,-0.2728983561197917,298.6177,-0.2780049641927083,5
1984,5,300.35034,-0.2009379069010416,298.61157,-0.2683207194010417,5
1984,6,300.05652,-0.5620625813802084,298.58493,-0.2919514973958333,5
1984,7,300.03818,-0.6265767415364584,298.5657,-0.3173319498697917,5
1985,4,299.9163,-0.5274454752604166,298.65854,-0.2371724446614583,5
1985,5,300.03445,-0.5168253580729166,298.63284,-0.2470194498697916,5
1985,6,300.38016,-0.2384236653645833,298.66837,-0.2085367838541666,5
1985,7,300.56787,-0.0969034830729166,298.70242,-0.1806131998697916,5
1986,4,300.10934,-0.334381103515625,298.78195,-0.1137593587239583,5
1986,5,300.14523,-0.4060567220052083,298.75854,-0.1213277180989583,5
1986,6,300.1061,-0.5124613444010416,298.72842,-0.1484578450520833,5
1986,7,300.2289,-0.4358317057291667,298.76816,-0.1148783365885416,5
1987,4,300.64938,0.205657958984375,298.98462,0.088897705078125,5
1987,5,300.78738,0.2361246744791666,299.05652,0.1766459147135416,5
1987,6,300.94882,0.330230712890625,299.12314,0.2462565104166666,5
1987,7,301.05762,0.3928426106770833,299.08823,0.2052001953125,5
1988,4,300.44376,2.034505208333333e-05,298.8374,-0.058319091796875,5
1988,5,300.636,0.0847269694010416,298.8245,-0.0553690592447916,5
1988,6,300.89502,0.27642822265625,298.83295,-0.0439453125,5
1988,7,300.72726,0.0625,298.8,-0.083038330078125,5
1989,4,300.00638,-0.4373270670572917,298.8387,-0.0570271809895833,5
1989,5,300.15622,-0.3950602213541667,298.77786,-0.1020100911458333,5
1989,6,300.48804,-0.13055419921875,298.7444,-0.1324971516927083,5
1989,7,300.72293,0.0581563313802083,298.74927,-0.1337687174479166,5
1990,4,300.4192,-0.0245463053385416,298.93503,0.0393168131510416,5
1990,5,300.5964,0.045135498046875,298.9436,0.0637105305989583,5
1990,6,300.70816,0.089569091796875,298.90063,0.0237528483072916,5
1990,7,300.64096,-0.0238037109375,298.84192,-0.041107177734375,5
1991,4,300.44165,-0.0020853678385416,299.0012,0.10546875,5
1991,5,300.43088,-0.120391845703125,299.04068,0.160797119140625,5
1991,6,300.58884,-0.0297749837239583,299.06345,0.1865641276041666,5
1991,7,300.61337,-0.0513916015625,299.0783,0.195281982421875,5
1992,4,300.3713,-0.072418212890625,298.85977,-0.03594970703125,5
1992,5,300.42203,-0.1292317708333333,298.82874,-0.0511474609375,5
1992,6,300.38403,-0.2345682779947916,298.78238,-0.0945027669270833,5
1992,7,300.4401,-0.2246805826822916,298.77686,-0.1061604817708333,5
1993,4,300.51187,0.0681559244791666,298.89673,0.0010172526041666,5
1993,5,300.48685,-0.0644327799479166,298.83926,-0.0405985514322916,5
1993,6,300.5085,-0.1100667317708333,298.86368,-0.0132242838541666,5
1993,7,300.4076,-0.2571818033854167,298.83548,-0.04754638671875,5
1994,4,300.1637,-0.2800191243489583,298.79434,-0.1013590494791666,5
1994,5,300.16663,-0.3846333821614583,298.7687,-0.1111653645833333,5
1994,6,300.14642,-0.47216796875,298.73404,-0.1428324381510416,5
1994,7,300.15005,-0.51470947265625,298.7164,-0.1666158040364583,5
1995,4,300.59818,0.154449462890625,298.90347,0.00775146484375,5
1995,5,300.83322,0.2819620768229167,298.91678,0.0369160970052083,5
1995,6,300.99295,0.374359130859375,298.90567,0.0287679036458333,5
1995,7,301.25034,0.5855611165364584,298.98035,0.097320556640625,5
1996,4,300.33395,-0.1097819010416666,298.79874,-0.0969950358072916,5
1996,5,300.48502,-0.0662638346354166,298.7773,-0.1025594075520833,5
1996,6,300.434,-0.1845804850260416,298.78128,-0.0956217447916666,5
1996,7,300.5629,-0.1018778483072916,298.82333,-0.0596923828125,5
1997,4,300.53903,0.0952860514322916,299.04605,0.1503499348958333,5
1997,5,300.8407,0.2894287109375,299.09378,0.2139180501302083,5
1997,6,300.8378,0.219207763671875,299.11417,0.2372945149739583,5
1997,7,300.98743,0.3226521809895833,299.1355,0.2524820963541667,5
1998,4,300.8411,0.3973795572916667,299.06564,0.1699015299479166,5
1998,5,301.01733,0.4660746256510417,299.06384,0.1839497884114583,5
1998,6,301.09912,0.4805399576822917,299.03854,0.1616617838541666,5
1998,7,301.02698,0.3622233072916667,299.01654,0.133514404296875,5
1999,4,300.4955,0.051788330078125,298.74197,-0.1537577311197916,5
1999,5,300.72366,0.1723836263020833,298.71298,-0.1669209798177083,5
1999,6,300.8536,0.2350260416666666,298.74796,-0.1289164225260416,5
1999,7,300.79395,0.1291910807291666,298.75626,-0.12677001953125,5
2000,4,300.47412,0.0303853352864583,298.8419,-0.0538330078125,5
2000,5,300.54996,-0.001312255859375,298.81247,-0.0674031575520833,5
2000,6,300.44235,-0.1762593587239583,298.79434,-0.082550048828125,5
2000,7,300.55212,-0.112640380859375,298.81876,-0.0642801920572916,5
2001,4,300.54553,0.101806640625,298.9847,0.0889994303385416,5
2001,5,300.64627,0.0950215657552083,298.91922,0.0393575032552083,5
2001,6,300.7503,0.1317138671875,298.92844,0.051544189453125,5
2001,7,300.76694,0.1021525065104166,298.9687,0.085662841796875,5
2002,4,300.58163,0.1379191080729166,299.09036,0.1946309407552083,5
2002,5,300.54773,-0.0035502115885416,299.05423,0.174346923828125,5
2002,6,300.51627,-0.1023356119791666,299.06445,0.18756103515625,5
2002,7,300.39175,-0.2730000813802083,299.00513,0.1220906575520833,5
2003,4,300.58408,0.1403299967447916,298.96567,0.0699564615885416,5
2003,5,300.6648,0.1135152180989583,298.93362,0.0537618001302083,5
2003,6,300.83258,0.2139892578125,298.95377,0.0768839518229166,5
2003,7,300.84796,0.183197021484375,299.0523,0.169281005859375,5
2004,4,300.71436,0.2706197102864583,298.983,0.0872904459635416,5
2004,5,300.5381,-0.0131937662760416,298.94186,0.0619913736979166,5
2004,6,300.66956,0.0509541829427083,298.92148,0.0445658365885416,5
2004,7,300.9856,0.320831298828125,298.9407,0.05767822265625,5
2005,4,300.86975,0.4260152180989583,299.0803,0.1845804850260416,5
2005,5,301.10358,0.55230712890625,299.0802,0.2003173828125,5
2005,6,301.26797,0.6494038899739584,299.0305,0.1536051432291666,5
2005,7,301.29636,0.6316019694010416,299.0556,0.172576904296875,5
2006,4,300.71686,0.27313232421875,299.02505,0.1293233235677083,5
2006,5,300.88412,0.3328348795572917,299.00485,0.1249491373697916,5
2006,6,301.07193,0.4533284505208333,299.0457,0.168792724609375,5
2006,7,300.87595,0.2111714680989583,299.04453,0.1614786783854166,5
2007,4,300.6174,0.1736653645833333,298.96384,0.0680948893229166,5
2007,5,300.8074,0.2561238606770833,298.9175,0.037628173828125,5
2007,6,300.5935,-0.0250956217447916,298.89438,0.017486572265625,5
2007,7,300.6189,-0.0458577473958333,298.91272,0.0296834309895833,5
2008,4,300.4991,0.055389404296875,298.9137,0.0179850260416666,5
2008,5,300.76602,0.2147725423177083,298.91684,0.0369364420572916,5
2008,6,300.88797,0.2693684895833333,298.9254,0.0485127766927083,5
2008,7,300.8878,0.2230224609375,298.8904,0.0074055989583333,5
2009,4,300.2344,-0.2093098958333333,299.0885,0.1927693684895833,5
2009,5,300.37204,-0.1792500813802083,299.15018,0.2702840169270833,5
2009,6,300.67038,0.0517679850260416,299.20273,0.325836181640625,5
2009,7,301.0013,0.3365478515625,299.24774,0.364715576171875,5
2010,4,301.14233,0.6985982259114584,299.1406,0.244873046875,5
2010,5,301.45642,0.9051615397135416,299.11832,0.2384440104166666,5
2010,6,301.43176,0.81317138671875,299.06458,0.1876729329427083,5
2010,7,301.36545,0.70068359375,298.97617,0.0931193033854166,5
2011,4,300.66022,0.21649169921875,299.03476,0.1390279134114583,5
2011,5,300.83127,0.2799886067708333,299.00714,0.12725830078125,5
2011,6,301.0695,0.450897216796875,298.9348,0.0579121907552083,5
2011,7,301.05313,0.3883768717447917,298.8692,-0.013824462890625,5
2012,4,300.55777,0.1140543619791666,299.05936,0.16363525390625,5
2012,5,300.78577,0.2344868977864583,299.04196,0.1620890299479166,5
2012,6,300.95602,0.3374226888020833,299.09097,0.214080810546875,5
2012,7,300.95486,0.2901102701822917,299.00153,0.118499755859375,5
2013,4,300.6726,0.2288818359375,299.09668,0.2009480794270833,5
2013,5,300.7702,0.21893310546875,299.11832,0.2384440104166666,5
2013,6,300.59775,-0.020843505859375,299.03333,0.1564229329427083,5
2013,7,300.63992,-0.0248209635416666,299.00708,0.124053955078125,5
2014,4,300.39926,-0.0444539388020833,299.27975,0.3840433756510417,5
2014,5,300.67087,0.1196085611979166,299.2714,0.3915303548177083,5
2014,6,300.59207,-0.0265299479166666,299.2515,0.3746236165364583,5
2014,7,300.60056,-0.0642293294270833,299.12296,0.2399393717447916,5
2015,4,300.5432,0.0994974772135416,299.42307,0.5273335774739584,5
2015,5,300.69333,0.1420389811197916,299.44687,0.566986083984375,5
2015,6,300.46396,-0.1546427408854166,299.40268,0.5257975260416666,5
2015,7,300.65723,-0.0075480143229166,299.39932,0.5162862141927084,5
2016,4,300.5249,0.0811767578125,299.32437,0.4286600748697917,5
2016,5,300.75342,0.2021586100260416,299.3315,0.451629638671875,5
2016,6,300.94217,0.3235677083333333,299.34793,0.4710489908854167,5
2016,7,300.96085,0.2960713704427083,299.3207,0.4376932779947917,5
2017,4,300.5954,0.15167236328125,299.33102,0.4353129069010417,5
2017,5,300.89172,0.3404541015625,299.33298,0.4530741373697917,5
2017,6,301.06494,0.44635009765625,299.2734,0.3965250651041667,5
2017,7,301.0527,0.3879191080729167,299.29358,0.4105631510416667,5
2018,4,300.44077,-0.0029805501302083,299.1942,0.298492431640625,5
2018,5,300.4113,-0.139984130859375,299.15384,0.2739664713541667,5
2018,6,300.33914,-0.2794596354166667,299.1488,0.2719014485677083,5
2018,7,300.3586,-0.30615234375,299.14108,0.2580668131510417,5
2019,4,300.66098,0.2172648111979166,299.36758,0.47186279296875,5
2019,5,300.73157,0.1802978515625,299.33398,0.4541015625,5
2019,6,300.79068,0.172088623046875,299.33203,0.4551493326822917,5
2019,7,300.9591,0.2943318684895833,299.31662,0.43359375,5
2020,4,300.9594,0.51568603515625,299.34146,0.4457295735677083,5
2020,5,300.8984,0.3471272786458333,299.3162,0.4363301595052083,5
2020,6,300.92578,0.3071797688802083,299.2599,0.3829854329427083,5
2020,7,301.07138,0.4066162109375,299.27286,0.3898213704427083,5
2021,4,300.75647,0.312744140625,299.19714,0.301422119140625,5
2021,5,300.8397,0.2884318033854167,299.2107,0.3308207194010417,5
2021,6,300.93555,0.3169657389322917,299.19485,0.3179829915364583,5
2021,7,300.86227,0.1975199381510416,299.18863,0.3056131998697917,5
2022,4,300.50974,0.0659891764322916,299.11642,0.2206827799479166,5
2022,5,300.7243,0.17303466796875,299.0779,0.1980183919270833,5
2022,6,300.9867,0.3680928548177083,299.11365,0.2367655436197916,5
2022,7,300.77716,0.112396240234375,299.0397,0.1566975911458333,5
2023,4,301.11972,0.675994873046875,299.512,0.6162618001302084,5
2023,5,301.53125,0.97998046875,299.5023,0.6223958333333334,5
2023,6,301.78458,1.165985107421875,299.53503,0.6581522623697916,5
2023,7,301.97168,1.306915283203125,299.56418,0.68115234375,5
2024,4,301.32913,0.885406494140625,299.48367,0.58795166015625,5
2024,5,301.53848,0.987213134765625,299.43802,0.5581258138020834,5
2024,6,301.87088,1.252288818359375,299.4402,0.56329345703125,5
2024,7,301.64014,0.975372314453125,299.4728,0.5897725423177084,5
2025,4,300.7771,0.3333740234375,299.40576,0.5100301106770834,5
2025,5,300.90854,0.357269287109375,299.36035,0.48046875,5
2025,6,300.99518,0.3765869140625,299.35574,0.478851318359375,5
2025,7,301.00006,0.335296630859375,299.28772,0.4046834309895833,5
1993,4,299.64658,-0.257843017578125,298.41342,-0.0777689615885416,6
1993,5,299.73178,-0.2287394205729166,298.45227,-0.0515645345052083,6
1993,6,299.85184,-0.2815144856770833,298.49045,-0.0344441731770833,6
1993,7,299.915,-0.3597310384114583,298.4683,-0.1119181315104166,6
1994,4,299.51315,-0.3912556966145833,298.37088,-0.1202901204427083,6
1994,5,299.63046,-0.3300577799479167,298.43033,-0.0735270182291666,6
1994,6,299.5862,-0.5471598307291666,298.3575,-0.1673787434895833,6
1994,7,299.70547,-0.5692647298177084,298.3516,-0.2286376953125,6
1995,4,299.76398,-0.14044189453125,298.36124,-0.1299540201822916,6
1995,5,300.1229,0.1623738606770833,298.4197,-0.0841267903645833,6
1995,6,300.54236,0.4089864095052083,298.43985,-0.0850423177083333,6
1995,7,300.70264,0.4278971354166667,298.61594,0.0357157389322916,6
1996,4,299.8214,-0.0830078125,298.4398,-0.0514017740885416,6
1996,5,299.90567,-0.054840087890625,298.39865,-0.105194091796875,6
1996,6,299.90146,-0.231903076171875,298.47433,-0.0505879720052083,6
1996,7,300.14444,-0.1303202311197916,298.509,-0.07122802734375,6
1997,4,299.81067,-0.09375,298.61606,0.1248779296875,6
1997,5,300.05396,0.09344482421875,298.66147,0.157623291015625,6
1997,6,300.29095,0.1575927734375,298.7269,0.2019755045572916,6
1997,7,300.40994,0.1352132161458333,298.78735,0.2071329752604166,6
1998,4,300.24698,0.3425496419270833,298.56406,0.0728658040364583,6
1998,5,300.25125,0.2907613118489583,298.59628,0.0924275716145833,6
1998,6,300.51486,0.381500244140625,298.67868,0.153778076171875,6
1998,7,300.5754,0.3006490071614583,298.68185,0.1016337076822916,6
1999,4,299.82993,-0.0744832356770833,298.30762,-0.1835734049479166,6
1999,5,299.78726,-0.173248291015625,298.31253,-0.191314697265625,6
1999,6,300.2136,0.0802205403645833,298.33798,-0.1869303385416666,6
1999,7,300.2914,0.0166727701822916,298.39377,-0.1864725748697916,6
2000,4,299.9093,0.0048929850260416,298.4205,-0.0706888834635416,6
2000,5,299.82397,-0.13653564453125,298.4241,-0.0797220865885416,6
2000,6,299.973,-0.1603597005208333,298.43127,-0.0936279296875,6
2000,7,300.04956,-0.2251790364583333,298.4407,-0.1395365397135416,6
2001,4,299.8256,-0.0788065592447916,298.5565,0.0652872721354166,6
2001,5,299.8226,-0.1379191080729166,298.55945,0.0556131998697916,6
2001,6,300.05508,-0.078277587890625,298.58673,0.06182861328125,6
2001,7,300.26016,-0.0145975748697916,298.6705,0.0902811686197916,6
2002,4,299.91064,0.0062255859375,298.60495,0.11376953125,6
2002,5,299.88385,-0.07666015625,298.61206,0.10821533203125,6
2002,6,299.87457,-0.2587890625,298.6067,0.0817769368489583,6
2002,7,299.79773,-0.477020263671875,298.66544,0.085205078125,6
2003,4,300.01907,0.114654541015625,298.47485,-0.0163167317708333,6
2003,5,299.9091,-0.0514017740885416,298.46115,-0.042694091796875,6
2003,6,300.2101,0.0767415364583333,298.48648,-0.0384318033854166,6
2003,7,300.39722,0.1224568684895833,298.63724,0.0570068359375,6
2004,4,300.1902,0.2857666015625,298.59262,0.1014302571614583,6
2004,5,300.11972,0.1592203776041666,298.613,0.1091715494791666,6
2004,6,300.17,0.0366414388020833,298.59595,0.0710347493489583,6
2004,7,300.50504,0.23028564453125,298.63016,0.0499471028645833,6
2005,4,300.2698,0.3654073079427083,298.66306,0.171875,6
2005,5,300.44418,0.4836527506510417,298.60876,0.1049296061197916,6
2005,6,300.54968,0.4163106282552083,298.61093,0.0860392252604166,6
2005,7,300.81787,0.5431315104166666,298.69107,0.1108296712239583,6
2006,4,300.00623,0.1018168131510416,298.54086,0.0496927897135416,6
2006,5,300.20462,0.244110107421875,298.62338,0.1195475260416666,6
2006,6,300.35886,0.2254842122395833,298.63647,0.1115824381510416,6
2006,7,300.37473,0.0999654134114583,298.6689,0.0886637369791666,6
2007,4,299.9109,0.0064798990885416,298.4635,-0.0276692708333333,6
2007,5,300.17117,0.2106730143229166,298.50537,0.0015360514322916,6
2007,6,300.13107,-0.002288818359375,298.49918,-0.0257161458333333,6
2007,7,300.2903,0.0155537923177083,298.5929,0.0126749674479166,6
2008,4,299.88153,-0.02288818359375,298.39548,-0.0956929524739583,6
2008,5,300.0684,0.1078694661458333,298.42142,-0.082427978515625,6
2008,6,300.29105,0.157684326171875,298.5151,-0.009796142578125,6
2008,7,300.45163,0.1768900553385416,298.55637,-0.0238749186197916,6
2009,4,299.68143,-0.2230021158854166,298.62146,0.1302897135416666,6
2009,5,299.7002,-0.26031494140625,298.69736,0.193511962890625,6
2009,6,300.00424,-0.129119873046875,298.77042,0.2455342610677083,6
2009,7,300.40115,0.1264241536458333,298.8849,0.3046671549479167,6
2010,4,300.56943,0.6649881998697916,298.62976,0.1385904947916666,6
2010,5,300.7715,0.8109944661458334,298.68735,0.1834818522135416,6
2010,6,300.8219,0.6885477701822916,298.61758,0.0926717122395833,6
2010,7,300.96042,0.6856791178385416,298.63943,0.0592244466145833,6
2011,4,299.97696,0.0725606282552083,298.51456,0.0233866373697916,6
2011,5,300.09525,0.1347452799479166,298.55286,0.0490010579427083,6
2011,6,300.439,0.3056538899739583,298.5469,0.0220133463541666,6
2011,7,300.6586,0.38385009765625,298.5818,0.0015462239583333,6
2012,4,299.99426,0.08984375,298.62747,0.1362813313802083,6
2012,5,299.93643,-0.0240681966145833,298.66663,0.16278076171875,6
2012,6,300.23395,0.1005859375,298.6962,0.1713053385416666,6
2012,7,300.4625,0.1877237955729166,298.66913,0.088897705078125,6
2013,4,300.00656,0.1021219889322916,298.65308,0.1618855794270833,6
2013,5,300.17996,0.2194722493489583,298.68054,0.17669677734375,6
2013,6,300.25174,0.1183980305989583,298.66013,0.135223388671875,6
2013,7,300.2565,-0.0182393391927083,298.62268,0.0424601236979166,6
2014,4,299.82944,-0.0749715169270833,298.81387,0.3227030436197917,6
2014,5,299.88583,-0.074676513671875,298.8104,0.3065287272135417,6
2014,6,299.94754,-0.1858011881510416,298.80606,0.2811686197916667,6
2014,7,300.1416,-0.1331380208333333,298.7865,0.2062784830729166,6
2015,4,299.94223,0.0378214518229166,298.97946,0.4882914225260417,6
2015,5,299.9977,0.0371907552083333,299.01785,0.514007568359375,6
2015,6,300.12338,-0.009979248046875,299.01196,0.4870707194010417,6
2015,7,300.25546,-0.019287109375,299.0586,0.4783528645833333,6
2016,4,300.16278,0.25836181640625,298.92957,0.4383951822916667,6
2016,5,300.1383,0.17779541015625,298.86902,0.3651835123697917,6
2016,6,300.41977,0.2863972981770833,298.86295,0.338043212890625,6
2016,7,300.5033,0.2285563151041666,298.94675,0.36651611328125,6
2017,4,300.10767,0.2032470703125,298.9109,0.419708251953125,6
2017,5,300.30942,0.348907470703125,298.86432,0.3604736328125,6
2017,6,300.5109,0.3775227864583333,298.8541,0.3291727701822917,6
2017,7,300.7089,0.4341328938802083,298.97342,0.3931986490885417,6
2018,4,299.9858,0.081390380859375,298.64337,0.152191162109375,6
2018,5,299.98618,0.025665283203125,298.69406,0.1902058919270833,6
2018,6,299.87338,-0.2599995930989583,298.64645,0.121551513671875,6
2018,7,300.0215,-0.25323486328125,298.7367,0.156463623046875,6
2019,4,300.1176,0.21319580078125,299.00574,0.514556884765625,6
2019,5,300.23944,0.2789306640625,298.96567,0.461822509765625,6
2019,6,300.22617,0.092803955078125,298.86987,0.3449605305989583,6
2019,7,300.60648,0.3317362467447917,298.96216,0.381927490234375,6
2020,4,300.28067,0.3762410481770833,298.84097,0.3498128255208333,6
2020,5,300.41174,0.4512227376302083,298.9197,0.4158833821614583,6
2020,6,300.4929,0.3595377604166667,298.84906,0.32415771484375,6
2020,7,300.67056,0.3958333333333333,298.85635,0.2761332194010417,6
2022,4,300.04443,0.1400248209635416,298.6404,0.14923095703125,6
2022,5,300.1156,0.15509033203125,298.5875,0.0836385091145833,6
2022,6,300.365,0.2316385904947916,298.60208,0.0771687825520833,6
2022,7,300.35898,0.084228515625,298.6633,0.0830586751302083,6
2023,4,300.34387,0.4394429524739583,298.93246,0.4412841796875,6
2023,5,300.6913,0.730804443359375,299.01355,0.5097147623697916,6
2023,6,300.8985,0.76513671875,299.0312,0.50628662109375,6
2023,7,301.33713,1.0623779296875,299.13272,0.5524800618489584,6
2024,4,300.64316,0.7387491861979166,298.90048,0.4093017578125,6
2024,5,300.78568,0.825164794921875,298.90506,0.401214599609375,6
2024,6,301.0909,0.9575398763020834,298.91013,0.3852132161458333,6
2024,7,301.2333,0.95855712890625,298.99292,0.4126993815104167,6
2025,4,300.2735,0.36907958984375,298.86728,0.3761088053385417,6
2025,5,300.27356,0.3130594889322917,298.86624,0.362396240234375,6
2025,6,300.40543,0.272064208984375,298.85913,0.3342183430989583,6
2025,7,300.5771,0.302337646484375,298.8678,0.2875569661458333,6
1993,4,300.83963,-0.0818990071614583,299.13452,-0.022308349609375,7
1993,5,300.74988,-0.1363321940104166,299.13208,-0.005401611328125,7
1993,6,300.56516,-0.2782694498697917,299.11118,-0.002777099609375,7
1993,7,300.47052,-0.304229736328125,299.06976,-0.035491943359375,7
1994,4,300.64465,-0.2768961588541667,299.0496,-0.1072285970052083,7
1994,5,300.60513,-0.2810465494791667,299.04532,-0.0921630859375,7
1994,6,300.42807,-0.41534423828125,298.97476,-0.1391703287760416,7
1994,7,300.25363,-0.5211079915364584,298.97885,-0.1264241536458333,7
1995,4,300.92044,-0.0010782877604166,299.15753,0.000701904296875,7
1995,5,301.0124,0.126190185546875,299.12277,-0.0147196451822916,7
1995,6,301.16553,0.3221232096354167,299.08667,-0.02728271484375,7
1995,7,301.25607,0.4813028971354167,299.14676,0.0415242513020833,7
1996,4,300.8341,-0.0874226888020833,299.07785,-0.0789794921875,7
1996,5,300.79224,-0.0939737955729166,299.00897,-0.128509521484375,7
1996,6,300.63718,-0.2062479654947916,299.01367,-0.1002909342447916,7
1996,7,300.68372,-0.091033935546875,299.01877,-0.0864766438802083,7
1997,4,300.84824,-0.07330322265625,299.19193,0.0350850423177083,7
1997,5,301.01077,0.1245625813802083,299.19223,0.0547587076822916,7
1997,6,300.9681,0.12469482421875,299.22058,0.1066182454427083,7
1997,7,300.9143,0.1395670572916666,299.27847,0.1732177734375,7
1998,4,301.16824,0.2467142740885416,299.16733,0.0104777018229166,7
1998,5,301.1294,0.243194580078125,299.18414,0.046661376953125,7
1998,6,301.173,0.3295796712239583,299.20673,0.0927734375,7
1998,7,301.0955,0.3207499186197917,299.17285,0.0675862630208333,7
1999,4,300.69528,-0.2262471516927083,298.8937,-0.2631123860677083,7
1999,5,300.74503,-0.1411844889322916,298.94214,-0.195343017578125,7
1999,6,300.79587,-0.0475565592447916,298.91714,-0.1968180338541666,7
1999,7,300.66248,-0.1122843424479166,298.8546,-0.2506510416666667,7
2000,4,300.82013,-0.101409912109375,299.04626,-0.1105550130208333,7
2000,5,300.54898,-0.3372294108072917,298.93854,-0.198944091796875,7
2000,6,300.5393,-0.3040974934895833,298.91513,-0.198822021484375,7
2000,7,300.50797,-0.2667744954427083,298.91928,-0.18597412109375,7
2001,4,300.86243,-0.059112548828125,299.17538,0.0185445149739583,7
2001,5,300.7855,-0.1007181803385416,299.14185,0.004364013671875,7
2001,6,300.8594,0.0159810384114583,299.1572,0.0432230631510416,7
2001,7,300.75467,-0.0200602213541666,299.12918,0.0239156087239583,7
2002,4,300.97513,0.0535990397135416,299.28616,0.1293436686197916,7
2002,5,300.90768,0.0214640299479166,299.2487,0.1112162272135416,7
2002,6,300.75662,-0.0867919921875,299.24582,0.1318766276041666,7
2002,7,300.4579,-0.316864013671875,299.2051,0.099853515625,7
2003,4,300.96268,0.0411376953125,299.18445,0.0276285807291666,7
2003,5,300.9905,0.1043192545572916,299.18314,0.0456441243489583,7
2003,6,300.9048,0.061370849609375,299.11948,0.0055135091145833,7
2003,7,300.8773,0.1025390625,299.1592,0.0539652506510416,7
2004,4,301.1607,0.239166259765625,299.32776,0.170928955078125,7
2004,5,301.02603,0.1398518880208333,299.29443,0.1569620768229166,7
2004,6,300.8308,-0.0126139322916666,299.1727,0.0587565104166666,7
2004,7,300.82785,0.0530802408854166,299.14624,0.0409749348958333,7
2005,4,301.24826,0.3267313639322917,299.34634,0.1895345052083333,7
2005,5,301.21707,0.3308919270833333,299.35287,0.21539306640625,7
2005,6,301.34082,0.4973958333333333,299.3403,0.2263387044270833,7
2005,7,301.30984,0.53509521484375,299.28903,0.1837666829427083,7
2006,4,300.9224,0.0008646647135416,299.27798,0.1211446126302083,7
2006,5,301.1481,0.2619120279947917,299.28152,0.1440531412760416,7
2006,6,301.12875,0.28533935546875,299.26758,0.1536153157552083,7
2006,7,300.90475,0.1299845377604166,299.2273,0.1220499674479166,7
2007,4,301.12378,0.2022298177083333,299.2642,0.10736083984375,7
2007,5,301.07474,0.1885579427083333,299.24197,0.1045023600260416,7
2007,6,300.87436,0.0309244791666666,299.16663,0.0526835123697916,7
2007,7,300.72763,-0.0471394856770833,299.10068,-0.00457763671875,7
2008,4,300.92136,-0.0001729329427083,299.11804,-0.0387776692708333,7
2008,5,300.9823,0.0961100260416666,299.12045,-0.0170389811197916,7
2008,6,300.939,0.0956013997395833,299.17294,0.058990478515625,7
2008,7,300.97427,0.1995340983072916,299.1248,0.0195515950520833,7
2009,4,300.81833,-0.10321044921875,299.32437,0.16754150390625,7
2009,5,300.81778,-0.06842041015625,299.35892,0.2214558919270833,7
2009,6,300.82767,-0.0157572428385416,299.3624,0.2484232584635416,7
2009,7,300.9039,0.1291300455729166,299.38196,0.2767130533854167,7
2010,4,301.41373,0.4921875,299.3856,0.2287495930989583,7
2010,5,301.58398,0.697784423828125,299.38712,0.2496236165364583,7
2010,6,301.68118,0.8377888997395834,299.31293,0.198974609375,7
2010,7,301.41196,0.6371968587239584,299.21396,0.1086832682291666,7
2011,4,300.91492,-0.0066121419270833,299.19318,0.036346435546875,7
2011,5,300.98053,0.094329833984375,299.2284,0.090911865234375,7
2011,6,301.1662,0.322784423828125,299.19937,0.0854390462239583,7
2011,7,301.15512,0.38037109375,299.12686,0.0215962727864583,7
2012,4,301.0498,0.1282552083333333,299.3818,0.2249857584635416,7
2012,5,300.8912,0.0050150553385416,299.31046,0.1729634602864583,7
2012,6,300.87875,0.0353190104166666,299.2734,0.1594340006510416,7
2012,7,300.89294,0.1181844075520833,299.264,0.1587320963541666,7
2013,4,301.1487,0.2271830240885416,299.37943,0.2226155598958333,7
2013,5,301.11957,0.233367919921875,299.36917,0.231689453125,7
2013,6,301.01526,0.171844482421875,299.30643,0.192474365234375,7
2013,7,300.8025,0.0277303059895833,299.1514,0.0461527506510416,7
2014,4,300.98557,0.0640157063802083,299.53104,0.3741963704427083,7
2014,5,300.96622,0.0800069173177083,299.51083,0.3733317057291667,7
2014,6,300.89145,0.04803466796875,299.49692,0.3829549153645833,7
2014,7,300.77884,0.00408935546875,299.36548,0.260223388671875,7
2015,4,301.03024,0.1086934407552083,299.64017,0.4833577473958333,7
2015,5,301.03125,0.145050048828125,299.7026,0.5651143391927084,7
2015,6,300.94708,0.103668212890625,299.65942,0.5454813639322916,7
2015,7,300.7803,0.0055745442708333,299.63913,0.53387451171875,7
2016,4,301.19083,0.2692769368489583,299.718,0.5611470540364584,7
2016,5,301.16162,0.2754313151041667,299.5975,0.46002197265625,7
2016,6,301.08582,0.2423909505208333,299.60666,0.4926961263020833,7
2016,7,300.95627,0.1814982096354166,299.53006,0.4247945149739583,7
2017,4,301.29892,0.3773701985677083,299.7194,0.56256103515625,7
2017,5,301.37045,0.4842427571614583,299.6835,0.5460408528645834,7
2017,6,301.36777,0.52435302734375,299.60004,0.486083984375,7
2017,7,301.24637,0.47161865234375,299.52292,0.41766357421875,7
2018,4,301.00992,0.0883687337239583,299.37048,0.2136637369791666,7
2018,5,301.25833,0.3721211751302083,299.2404,0.1028951009114583,7
2018,6,300.69632,-0.1470947265625,299.3262,0.2122599283854166,7
2018,7,300.5164,-0.2583719889322917,299.27844,0.1731974283854166,7
2019,4,301.28384,0.3623148600260417,299.71524,0.5584208170572916,7
2019,5,301.25235,0.3661600748697917,299.67593,0.5384724934895834,7
2019,6,301.11386,0.2704264322916667,299.56845,0.4544881184895833,7
2019,7,300.947,0.1722208658854166,299.50076,0.3955281575520833,7
2020,4,301.39026,0.4687093098958333,299.60846,0.451629638671875,7
2020,5,301.27954,0.393341064453125,299.5774,0.439910888671875,7
2020,6,301.22775,0.3843485514322917,299.5411,0.4271443684895833,7
2020,7,301.12692,0.3521626790364583,299.47488,0.3696390787760417,7
2021,4,301.1492,0.2276713053385416,299.51758,0.360748291015625,7
2021,5,301.14932,0.2631327311197917,299.53772,0.400238037109375,7
2021,6,301.1085,0.2650655110677083,299.54404,0.4300638834635417,7
2021,7,300.9921,0.2173665364583333,299.485,0.379730224609375,7
2022,4,301.2415,0.3199462890625,299.57382,0.4169921875,7
2022,5,300.94736,0.0611572265625,299.45847,0.3209737141927083,7
2022,6,301.03653,0.1931050618489583,299.44904,0.3350830078125,7
2022,7,300.92294,0.148193359375,299.4,0.2947489420572917,7
2023,4,301.5253,0.6037495930989584,299.81894,0.6620890299479166,7
2023,5,301.72137,0.835174560546875,299.8978,0.7603251139322916,7
2023,6,301.8837,1.0402730305989585,299.87985,0.7658793131510416,7
2023,7,301.79382,1.0190836588541667,299.8533,0.7480570475260416,7
2024,4,301.8652,0.9436543782552084,299.89706,0.7402140299479166,7
2024,5,301.78812,0.9019368489583334,299.9428,0.805328369140625,7
2024,6,301.6951,0.8516743977864584,299.94363,0.8296712239583334,7
2024,7,301.5759,0.8011576334635416,299.79956,0.6942952473958334,7
2025,4,301.2548,0.3332621256510417,299.60367,0.4468282063802083,7
2025,5,301.15704,0.270843505859375,299.5915,0.454010009765625,7
2025,6,300.94882,0.10540771484375,299.56653,0.4525655110677083,7
2025,7,300.78433,0.0096028645833333,299.5026,0.3973490397135417,7
1993,4,300.1946,-0.2159525553385416,298.5171,-0.0592549641927083,8
1993,5,300.28424,-0.2088623046875,298.41507,-0.1396891276041666,8
1993,6,300.2602,-0.2642822265625,298.43704,-0.1318359375,8
1993,7,300.24033,-0.3106587727864583,298.4611,-0.1779886881510416,8
1994,4,300.22934,-0.1812337239583333,298.38943,-0.1869099934895833,8
1994,5,300.2497,-0.243408203125,298.3859,-0.1688639322916666,8
1994,6,300.1837,-0.3407796223958333,298.41367,-0.1552225748697916,8
1994,7,300.11185,-0.4391581217447917,298.43124,-0.207855224609375,8
1995,4,300.45615,0.0456034342447916,298.43393,-0.142425537109375,8
1995,5,300.53885,0.0457356770833333,298.43082,-0.1239115397135416,8
1995,6,300.84842,0.3239339192708333,298.47733,-0.0915425618489583,8
1995,7,300.90564,0.3546346028645833,298.61227,-0.026824951171875,8
1996,4,300.25308,-0.157470703125,298.49548,-0.0808817545572916,8
1996,5,300.39432,-0.0987752278645833,298.50833,-0.0463968912760416,8
1996,6,300.37723,-0.1472574869791666,298.45663,-0.1122334798177083,8
1996,7,300.41272,-0.1382649739583333,298.54343,-0.0956624348958333,8
1997,4,300.47903,0.0685017903645833,298.64682,0.0704549153645833,8
1997,5,300.45145,-0.0416361490885416,298.66672,0.1119588216145833,8
1997,6,300.533,0.0085042317708333,298.72757,0.1586812337239583,8
1997,7,300.5482,-0.0027974446614583,298.7777,0.13861083984375,8
1998,4,300.5718,0.1612650553385416,298.53833,-0.0380147298177083,8
1998,5,300.65665,0.1635640462239583,298.5552,0.0004679361979166,8
1998,6,300.7589,0.2344258626302083,298.5618,-0.0070902506510416,8
1998,7,300.80203,0.2510477701822917,298.60498,-0.0341084798177083,8
1999,4,300.2349,-0.1756591796875,298.4105,-0.1658528645833333,8
1999,5,300.52097,0.0278422037760416,298.40848,-0.1462504069010416,8
1999,6,300.6039,0.0794270833333333,298.41318,-0.1556905110677083,8
1999,7,300.52124,-0.0297444661458333,298.45627,-0.1828511555989583,8
2000,4,300.21494,-0.1956075032552083,298.47958,-0.0967915852864583,8
2000,5,300.2859,-0.2072245279947916,298.45825,-0.0965067545572916,8
2000,6,300.30667,-0.2177937825520833,298.4406,-0.128265380859375,8
2000,7,300.24612,-0.3048807779947917,298.51187,-0.1272074381510416,8
2001,4,300.4335,0.0229695638020833,298.7087,0.1323649088541666,8
2001,5,300.41876,-0.0743408203125,298.65775,0.102996826171875,8
2001,6,300.48242,-0.0420430501302083,298.62183,0.0529581705729166,8
2001,7,300.46005,-0.0909525553385416,298.71576,0.07666015625,8
2002,4,300.43793,0.027374267578125,298.7217,0.1453755696614583,8
2002,5,300.55338,0.0602823893229166,298.68448,0.1297403971354166,8
2002,6,300.34305,-0.181427001953125,298.68677,0.1178792317708333,8
2002,7,300.36917,-0.1818033854166666,298.78485,0.145751953125,8
2003,4,300.48953,0.0789794921875,298.60214,0.025787353515625,8
2003,5,300.5634,0.0702921549479166,298.5831,0.0283406575520833,8
2003,6,300.61758,0.093109130859375,298.65543,0.0865681966145833,8
2003,7,300.66922,0.11822509765625,298.77878,0.1396687825520833,8
2004,4,300.63474,0.22418212890625,298.83383,0.2574666341145833,8
2004,5,300.60162,0.1085205078125,298.7092,0.1544596354166666,8
2004,6,300.53235,0.0078633626302083,298.73706,0.1681722005208333,8
2004,7,300.73068,0.1796671549479166,298.77954,0.14044189453125,8
2005,4,300.7078,0.2972310384114583,298.715,0.1386617024739583,8
2005,5,300.89096,0.397857666015625,298.74832,0.1935628255208333,8
2005,6,300.9706,0.4461263020833333,298.76648,0.197601318359375,8
2005,7,301.14554,0.5945536295572916,298.85037,0.211273193359375,8
2006,4,300.53036,0.1197916666666666,298.7919,0.2155659993489583,8
2006,5,300.70996,0.2168477376302083,298.72794,0.173187255859375,8
2006,6,300.86612,0.3416646321614583,298.77316,0.2042643229166666,8
2006,7,300.80188,0.2508748372395833,298.85388,0.2147725423177083,8
2007,4,300.6404,0.2298787434895833,298.6766,0.1002400716145833,8
2007,5,300.63513,0.14202880859375,298.58975,0.0350240071614583,8
2007,6,300.61856,0.0941060384114583,298.57086,0.001983642578125,8
2007,7,300.63992,0.0889485677083333,298.7413,0.1021830240885416,8
2008,4,300.4083,-0.0022684733072916,298.59024,0.0139058430989583,8
2008,5,300.59668,0.1035868326822916,298.59637,0.0416259765625,8
2008,6,300.66476,0.140289306640625,298.6505,0.0816243489583333,8
2008,7,300.79324,0.2422383626302083,298.7398,0.1007080078125,8
2009,4,300.41025,-0.0002950032552083,298.8522,0.2758382161458333,8
2009,5,300.40152,-0.091583251953125,298.87366,0.3189188639322917,8
2009,6,300.5179,-0.0065816243489583,298.8959,0.3270263671875,8
2009,7,300.65393,0.1029256184895833,299.0612,0.422088623046875,8
2010,4,301.11234,0.7017720540364584,298.9379,0.3615620930989583,8
2010,5,301.19553,0.7024332682291666,298.88806,0.33331298828125,8
2010,6,301.3042,0.7797342936197916,298.8717,0.3028157552083333,8
2010,7,301.22922,0.6782124837239584,298.87524,0.2361551920572916,8
2011,4,300.64618,0.235626220703125,298.86362,0.2872416178385417,8
2011,5,300.80945,0.3163553873697917,298.8575,0.3027547200520833,8
2011,6,300.92285,0.3983866373697917,298.7869,0.2180379231770833,8
2011,7,300.94763,0.3966471354166667,298.79922,0.1601155598958333,8
2012,4,300.66797,0.257415771484375,298.86136,0.2849934895833333,8
2012,5,300.63968,0.1465962727864583,298.79712,0.2423604329427083,8
2012,6,300.6788,0.1543070475260416,298.797,0.228118896484375,8
2012,7,300.72745,0.17645263671875,298.89407,0.254974365234375,8
2013,4,300.7625,0.351959228515625,298.76996,0.193603515625,8
2013,5,300.79068,0.2975870768229167,298.79166,0.236907958984375,8
2013,6,300.69214,0.16766357421875,298.7991,0.230224609375,8
2013,7,300.63748,0.0864969889322916,298.82858,0.1894938151041666,8
2014,4,300.60452,0.1939697265625,298.86685,0.2904866536458333,8
2014,5,300.66354,0.1704203287760416,298.866,0.311248779296875,8
2014,6,300.62442,0.0999654134114583,298.84677,0.2779032389322917,8
2014,7,300.55283,0.0018208821614583,298.87488,0.2357686360677083,8
2015,4,300.58847,0.1778971354166666,298.94833,0.3719889322916667,8
2015,5,300.74463,0.2515360514322917,299.04935,0.4946187337239583,8
2015,6,300.67313,0.1486714680989583,299.07358,0.5046793619791666,8
2015,7,300.58374,0.0327351888020833,299.13818,0.49908447265625,8
2016,4,300.53894,0.1283772786458333,298.81522,0.2388814290364583,8
2016,5,300.96347,0.4703776041666667,298.9039,0.3491414388020833,8
2016,6,300.97754,0.4530741373697917,298.97885,0.4099833170572917,8
2016,7,300.94794,0.396942138671875,299.0851,0.4460347493489583,8
2020,4,300.95517,0.5445963541666666,298.89615,0.3198140462239583,8
2020,5,301.02533,0.5322265625,298.9049,0.35015869140625,8
2020,6,301.04056,0.5160725911458334,298.97058,0.401702880859375,8
2020,7,300.9833,0.4323018391927083,299.02405,0.3849385579427083,8
2021,4,300.81223,0.4016520182291667,298.88522,0.3088480631510417,8
2021,5,300.9668,0.4736836751302083,298.91238,0.3576253255208333,8
2021,6,300.942,0.4175211588541667,298.94125,0.3723551432291667,8
2021,7,300.82712,0.276123046875,299.00943,0.3703206380208333,8
2022,4,300.7936,0.383056640625,298.74576,0.1694234212239583,8
2022,5,300.84256,0.3494669596354167,298.75363,0.198883056640625,8
2022,6,300.98242,0.4579569498697917,298.8462,0.2773030598958333,8
2022,7,300.76602,0.2150472005208333,298.89444,0.2553304036458333,8
2023,4,301.0242,0.6136576334635416,299.15775,0.5813802083333334,8
2023,5,301.2225,0.729400634765625,299.19852,0.6437581380208334,8
2023,6,301.33383,0.8093363444010416,299.20105,0.6321614583333334,8
2023,7,301.51163,0.9606424967447916,299.25198,0.612884521484375,8
2024,4,301.39188,0.9813232421875,299.0129,0.4365336100260417,8
2024,5,301.4396,0.946502685546875,299.04715,0.4924112955729167,8
2024,6,301.51004,0.9855855305989584,299.0636,0.494720458984375,8
2024,7,301.43643,0.8854268391927084,299.12793,0.4888407389322917,8
2025,4,300.91605,0.5054931640625,298.99048,0.4141133626302083,8
2025,5,300.9148,0.4217020670572917,298.95566,0.4008890787760417,8
2025,6,300.9328,0.4083251953125,299.00262,0.433746337890625,8
2025,7,300.91675,0.3657430013020833,299.0311,0.3919779459635417,8
1993,4,300.11026,-0.18194580078125,298.9827,0.0309346516927083,9
1993,5,300.2069,-0.1572265625,298.98288,0.026397705078125,9
1993,6,300.3268,-0.1588846842447916,298.95908,-0.0003255208333333,9
1993,7,300.33682,-0.2292887369791666,298.91623,-0.0662434895833333,9
1994,4,299.96252,-0.3296712239583333,298.7919,-0.1598612467447916,9
1994,5,300.15784,-0.206298828125,298.79224,-0.1642557779947916,9
1994,6,300.02615,-0.4595438639322917,298.81104,-0.148345947265625,9
1994,7,300.14883,-0.4172770182291667,298.80252,-0.1799418131510416,9
1995,4,300.26474,-0.0274556477864583,298.88382,-0.0679219563802083,9
1995,5,300.40002,0.035888671875,298.88028,-0.0762125651041666,9
1995,6,300.76834,0.2826436360677083,298.9116,-0.04779052734375,9
1995,7,300.98068,0.4145609537760417,298.9913,0.0088602701822916,9
1996,4,300.14877,-0.1434326171875,298.79126,-0.1604817708333333,9
1996,5,300.30518,-0.0589599609375,298.81552,-0.140960693359375,9
1996,6,300.25967,-0.2259928385416666,298.82834,-0.1310628255208333,9
1996,7,300.3988,-0.1672871907552083,298.8712,-0.1112569173177083,9
1997,4,300.21457,-0.0776265462239583,299.05338,0.10162353515625,9
1997,5,300.3745,0.0103759765625,299.12088,0.1644185384114583,9
1997,6,300.64566,0.1599833170572916,299.14816,0.1887613932291666,9
1997,7,300.62424,0.0581156412760416,299.17322,0.190765380859375,9
1998,4,300.58334,0.2911275227864583,299.13782,0.1860555013020833,9
1998,5,300.6475,0.2833760579427083,299.14862,0.192138671875,9
1998,6,300.74268,0.2569783528645833,299.11856,0.1592000325520833,9
1998,7,300.77905,0.21295166015625,299.1304,0.1479593912760416,9
1999,4,300.31375,0.0215657552083333,298.8621,-0.08966064453125,9
1999,5,300.4085,0.04437255859375,298.8362,-0.1202494303385416,9
1999,6,300.60196,0.1162923177083333,298.84766,-0.1117146809895833,9
1999,7,300.64053,0.0744425455729166,298.8645,-0.1179402669270833,9
2000,4,300.2809,-0.01129150390625,298.91,-0.041748046875,9
2000,5,300.29684,-0.0673116048177083,298.91476,-0.0417378743489583,9
2000,6,300.25122,-0.234466552734375,298.89322,-0.0661722819010416,9
2000,7,300.3855,-0.1805928548177083,298.8947,-0.087738037109375,9
2001,4,300.21945,-0.07275390625,298.86,-0.091766357421875,9
2001,5,300.2107,-0.1534322102864583,298.8654,-0.0910746256510416,9
2001,6,300.36948,-0.1162312825520833,298.8705,-0.0888671875,9
2001,7,300.4365,-0.1295979817708333,298.9788,-0.0036519368489583,9
2002,4,300.38474,0.0925394694010416,299.03214,0.0803731282552083,9
2002,5,300.28128,-0.0828348795572916,299.0129,0.0564066569010416,9
2002,6,300.31253,-0.17315673828125,299.00903,0.049652099609375,9
2002,7,300.17578,-0.39031982421875,298.97836,-0.0040791829427083,9
2003,4,300.32193,0.02972412109375,298.98807,0.0363260904947916,9
2003,5,300.3444,-0.0197347005208333,298.96347,0.0069783528645833,9
2003,6,300.58005,0.0943705240885416,298.9771,0.017730712890625,9
2003,7,300.66077,0.09466552734375,299.08,0.0975545247395833,9
2004,4,300.41336,0.12115478515625,298.99725,0.045501708984375,9
2004,5,300.40353,0.0393778483072916,299.00766,0.0511881510416666,9
2004,6,300.51926,0.0335489908854166,299.01324,0.053863525390625,9
2004,7,300.70248,0.1363932291666666,298.98886,0.0063883463541666,9
2005,4,300.5804,0.2882080078125,299.0823,0.1305440266927083,9
2005,5,300.69656,0.3324381510416667,299.09354,0.1370747884114583,9
2005,6,300.91006,0.4243876139322917,299.0846,0.125213623046875,9
2005,7,301.0895,0.5234273274739584,299.10168,0.1192423502604166,9
2006,4,300.34485,0.0526326497395833,299.00256,0.050811767578125,9
2006,5,300.55045,0.1863199869791666,299.00598,0.0494893391927083,9
2006,6,300.7924,0.30670166015625,299.09546,0.1360880533854166,9
2006,7,300.68234,0.1162312825520833,299.08878,0.1063232421875,9
2007,4,300.37888,0.0866800944010416,298.9171,-0.0346476236979166,9
2007,5,300.52026,0.1561177571614583,298.9033,-0.053192138671875,9
2007,6,300.54935,0.0636494954427083,298.9071,-0.0522867838541666,9
2007,7,300.5634,-0.002716064453125,298.9528,-0.0296427408854166,9
2008,4,300.3275,0.035308837890625,298.91397,-0.03778076171875,9
2008,5,300.47043,0.1063028971354166,298.95435,-0.0021464029947916,9
2008,6,300.69547,0.2097880045572916,298.9821,0.022705078125,9
2008,7,300.76205,0.195953369140625,298.97202,-0.0104268391927083,9
2009,4,300.17664,-0.115570068359375,299.09122,0.13946533203125,9
2009,5,300.27396,-0.0901692708333333,299.1864,0.22991943359375,9
2009,6,300.33768,-0.1480204264322916,299.20755,0.2481689453125,9
2009,7,300.6787,0.1125996907552083,299.2668,0.2843424479166667,9
2010,4,300.75662,0.4644368489583333,299.1202,0.1684468587239583,9
2010,5,301.0054,0.641265869140625,299.13354,0.17706298828125,9
2010,6,301.11005,0.624359130859375,299.11868,0.1593017578125,9
2010,7,301.11444,0.54833984375,299.0887,0.10626220703125,9
2011,4,300.3433,0.0511067708333333,299.05222,0.1004638671875,9
2011,5,300.52893,0.1648050944010416,299.07666,0.1201883951822916,9
2011,6,300.79752,0.3118489583333333,299.0247,0.0653177897135416,9
2011,7,300.8849,0.3187764485677083,298.99246,0.0100301106770833,9
2012,4,300.309,0.01678466796875,299.08078,0.1290384928385416,9
2012,5,300.39548,0.031341552734375,299.0638,0.1073404947916666,9
2012,6,300.64145,0.1557718912760416,299.1088,0.1494140625,9
2012,7,300.61563,0.0495198567708333,299.06552,0.0830586751302083,9
2013,4,300.48956,0.197357177734375,299.13437,0.1826070149739583,9
2013,5,300.47775,0.1136067708333333,299.09488,0.138397216796875,9
2013,6,300.48633,0.0006510416666666,299.0835,0.1241048177083333,9
2013,7,300.55344,-0.0126546223958333,299.05692,0.0744527180989583,9
2014,4,300.1476,-0.1445719401041666,299.2675,0.3157246907552083,9
2014,5,300.45776,0.0936381022135416,299.27698,0.3205057779947917,9
2014,6,300.48807,0.00238037109375,299.2571,0.2977396647135417,9
2014,7,300.56796,0.0018513997395833,299.19492,0.2124735514322916,9
2015,4,300.4758,0.18359375,299.38074,0.428985595703125,9
2015,5,300.44678,0.0826517740885416,299.45233,0.495849609375,9
2015,6,300.39398,-0.091705322265625,299.41638,0.4569905598958333,9
2015,7,300.54358,-0.0225118001302083,299.43857,0.4561258951822917,9
2016,4,300.50858,0.21636962890625,299.2942,0.342437744140625,9
2016,5,300.61685,0.2527058919270833,299.29172,0.3352457682291667,9
2016,6,300.86752,0.3818257649739583,299.33804,0.378662109375,9
2016,7,300.83722,0.2711181640625,299.34012,0.3576761881510417,9
2025,4,300.74072,0.4485270182291667,299.39764,0.445892333984375,9
2025,5,300.8,0.43585205078125,299.40073,0.4442342122395833,9
2025,6,300.9238,0.4381001790364583,299.37216,0.4127909342447917,9
2025,7,300.97897,0.412872314453125,299.35995,0.3774922688802083,9
1981,2,300.95444,-0.06502279,299.15997,-0.078552246,10
1981,3,300.74435,-0.27945963,299.0809,-0.10738119,10
1981,4,301.1174,0.11717733,299.03156,-0.11706543,10
1981,5,300.756,-0.12544759,298.97675,-0.1005249,10
1981,6,300.89072,0.059488934,298.96594,-0.024749756,10
1981,7,300.95425,0.19248454,298.87024,-0.056915283,10
1981,8,301.00244,0.2999166,298.77164,-0.06055705,10
1982,1,300.6285,-0.2597046,298.92178,-0.24761963,10
1982,2,300.74655,-0.27287802,298.92795,-0.31056723,10
1982,3,300.67972,-0.3440857,299.0125,-0.17578125,10
1982,4,300.71762,-0.28260294,298.8898,-0.25880942,10
1982,5,300.64648,-0.23499553,298.8787,-0.1985677,10
1982,6,300.53494,-0.2962545,298.91226,-0.07840983,10
1982,7,300.45804,-0.30374146,298.89676,-0.03040568,10
1982,8,300.22183,-0.48069254,298.72586,-0.10633341,10
1983,1,300.97327,0.08505249,299.03644,-0.13298035,10
1983,2,301.05093,0.031514484,299.12454,-0.113993324,10
1983,3,301.2644,0.24060059,299.0734,-0.11490885,10
1983,4,301.19946,0.19924927,299.14365,-0.0049743652,10
1983,5,301.03677,0.15529378,299.1422,0.06495158,10
1983,6,301.00223,0.17101033,299.07785,0.087137856,10
1983,7,300.6558,-0.10599772,298.95468,0.027516684,10
1983,8,300.47812,-0.22439575,298.768,-0.064208984,10
1984,1,300.6233,-0.26493835,298.94543,-0.22398376,10
1984,2,300.68323,-0.33622232,298.99542,-0.24310303,10
1984,3,300.69016,-0.33366904,298.97772,-0.21057129,10
1984,4,300.66516,-0.33506265,298.87466,-0.2739563,10
1984,5,300.58182,-0.29963174,298.78745,-0.28981528,10
1984,6,300.61356,-0.21765137,298.67,-0.3206787,10
1984,7,300.46823,-0.29355875,298.66064,-0.26651,10
1984,8,300.1949,-0.5076294,298.57178,-0.26044717,10
1985,1,300.47638,-0.41184998,298.95074,-0.2186737,10
1985,2,300.78976,-0.22969563,298.98413,-0.25439453,10
1985,3,300.39285,-0.6309611,298.81506,-0.37322998,10
1985,4,300.37817,-0.62205,298.82095,-0.32764688,10
1985,5,300.2719,-0.6095581,298.6085,-0.46879068,10
1985,6,300.41776,-0.413442,298.6495,-0.34117636,10
1985,7,300.58463,-0.17714436,298.64728,-0.2798767,10
1985,8,300.58505,-0.117482506,298.51318,-0.31903076,10
1986,1,300.53687,-0.35133362,298.98267,-0.1867218,10
1986,2,300.84073,-0.17871094,299.15903,-0.07949829,10
1986,3,300.8009,-0.22291057,299.05103,-0.13727824,10
1986,4,300.8193,-0.18089803,298.9574,-0.19121297,10
1986,5,300.69998,-0.18149821,298.9387,-0.13860066,10
1986,6,300.44507,-0.38613892,298.7813,-0.2093811,10
1986,7,300.44672,-0.31506348,298.78378,-0.1433614,10
1986,8,300.463,-0.23950195,298.76877,-0.06346639,10
1987,1,300.82837,-0.05986023,299.0958,-0.0736084,10
1987,2,301.0165,-0.0029296875,299.30017,0.06165568,10
1987,3,301.22437,0.2005717,299.26205,0.07377116,10
1987,4,301.23514,0.2349345,299.22586,0.07726034,10
1987,5,301.1996,0.31810507,299.23874,0.1614685,10
1987,6,301.0258,0.19458008,299.05154,0.06085205,10
1987,7,301.0305,0.26871744,299.01904,0.09188843,10
1987,8,300.94852,0.2460022,299.01697,0.18475342,10
1988,1,300.55896,-0.3292389,299.04297,-0.12644958,10
1988,2,300.63852,-0.38091025,298.97903,-0.2594808,10
1988,3,300.65906,-0.3647461,298.9592,-0.2291158,10
1988,4,300.66443,-0.33577475,298.9211,-0.22749837,10
1988,5,300.70267,-0.17880249,298.7987,-0.27856445,10
1988,6,300.87183,0.040608723,298.7677,-0.22299194,10
1988,7,300.72067,-0.04112752,298.68204,-0.24512736,10
1988,8,300.80228,0.09976196,298.60178,-0.23044841,10
1989,1,300.5575,-0.33070374,299.06573,-0.10366821,10
1989,2,300.99808,-0.021372477,299.1307,-0.10780843,10
1989,3,300.70792,-0.3158773,299.07498,-0.11332194,10
1989,4,300.7332,-0.26701865,298.91696,-0.23167928,10
1989,5,300.4744,-0.40707397,298.9155,-0.16178386,10
1989,6,300.57465,-0.25656128,298.80734,-0.18335979,10
1989,7,300.824,0.062245686,298.77072,-0.15645345,10
1989,8,300.88803,0.18549602,298.6644,-0.16782634,10
1990,1,300.7345,-0.15370178,299.1647,-0.004699707,10
1990,2,301.04312,0.023671469,299.4384,0.19984944,10
1990,3,301.19836,0.17455037,299.37857,0.19028728,10
1990,4,300.9005,-0.09970093,299.14502,-0.0035909016,10
1990,5,300.77292,-0.108551025,299.04813,-0.029144287,10
1990,6,300.84744,0.016245523,298.96835,-0.022328695,10
1990,7,300.78113,0.019348145,298.92413,-0.0030212402,10
1990,8,300.85123,0.1487325,298.8087,-0.023529053,10
1991,1,300.5481,-0.3401184,298.97134,-0.19805908,10
1991,2,300.78568,-0.23376465,299.08643,-0.15208943,10
1991,3,300.5029,-0.52091473,298.94693,-0.2413737,10
1991,4,300.62744,-0.37277222,298.9683,-0.18030803,10
1991,5,300.5349,-0.34655762,298.90747,-0.16980998,10
1991,6,300.5448,-0.28641763,298.99115,0.00045776367,10
1991,7,300.30624,-0.45554605,298.86996,-0.05718994,10
1991,8,300.3407,-0.36182657,298.7887,-0.043507893,10
1992,1,301.3483,0.460083,299.19983,0.030410767,10
1992,2,301.20264,0.1832072,299.0758,-0.1627299,10
1992,3,301.3398,0.31601968,299.1345,-0.053822834,10
1992,4,301.11404,0.113850914,299.20374,0.055104572,10
1992,5,300.80142,-0.08003744,299.14908,0.07181803,10
1992,6,300.64005,-0.19115193,298.9644,-0.026316324,10
1992,7,300.4766,-0.2851664,298.77634,-0.15082805,10
1992,8,300.53958,-0.16291301,298.71353,-0.11867269,10
1993,1,300.7528,-0.13539124,299.16846,-0.0009613037,10
1993,2,301.4315,0.41202798,299.4529,0.21437581,10
1993,3,301.11917,0.09538778,299.34274,0.15445964,10
1993,4,300.97375,-0.026448568,299.42496,0.2763265,10
1993,5,300.9993,0.1178182,299.26047,0.18317668,10
1993,6,300.65198,-0.17921956,299.00903,0.018351236,10
1993,7,300.51416,-0.24761963,298.8807,-0.046468098,10
1993,8,300.38776,-0.3147583,298.78134,-0.050893147,10
1994,1,300.56152,-0.32667542,298.9981,-0.17129517,10
1994,2,300.6703,-0.3491516,299.26242,0.023895264,10
1994,3,300.96384,-0.05996704,299.11844,-0.06983439,10
1994,4,300.93982,-0.06040446,299.25797,0.10935465,10
1994,5,300.6971,-0.18435669,299.07327,-0.004007975,10
1994,6,300.49548,-0.33573404,299.01917,0.028462728,10
1994,7,300.44345,-0.31832886,298.82013,-0.10702515,10
1994,8,300.36368,-0.33881631,298.72598,-0.10624186,10
1995,1,301.076,0.18777466,299.18658,0.017181396,10
1995,2,301.23193,0.21250407,299.34946,0.11094157,10
1995,3,300.9836,-0.040211994,299.14777,-0.040527344,10
1995,4,300.95474,-0.04547119,299.10852,-0.040089924,10
1995,5,301.0885,0.20703125,299.08218,0.0049235024,10
1995,6,301.19873,0.36753336,298.9799,-0.010782878,10
1995,7,301.12988,0.36809286,299.01218,0.0850118,10
1995,8,301.0924,0.38990274,298.91962,0.087402344,10
1996,1,300.75696,-0.13124084,299.32767,0.15826416,10
1996,2,301.23633,0.2168986,299.32413,0.08561198,10
1996,3,301.08224,0.058441162,299.2493,0.061014812,10
1996,4,301.13983,0.13961792,299.2682,0.11957804,10
1996,5,300.93835,0.05687459,299.0934,0.016143799,10
1996,6,300.7371,-0.09412638,298.9894,-0.0012817383,10
1996,7,300.72656,-0.03520711,298.88965,-0.03749593,10
1996,8,300.54495,-0.15755208,298.76157,-0.07066854,10
1997,1,301.26044,0.37223816,299.41135,0.24194336,10
1997,2,300.92496,-0.09448242,299.4299,0.19135539,10
1997,3,301.30273,0.27894083,299.49014,0.30186972,10
1997,4,301.35245,0.35225424,299.52747,0.3788452,10
1997,5,301.21545,0.33399454,299.51144,0.43415323,10
1997,6,301.27402,0.4427897,299.41348,0.42279053,10
1997,7,300.8903,0.1285197,299.37387,0.4467163,10
1997,8,300.74414,0.041625977,299.15225,0.32003784,10
1998,1,301.3986,0.510376,299.27283,0.10343933,10
1998,2,301.5873,0.5678609,299.28976,0.051239014,10
1998,3,301.57706,0.55326337,299.27774,0.08945719,10
1998,4,301.46646,0.46624756,299.3088,0.16019695,10
1998,5,301.2834,0.4019165,299.26675,0.18948364,10
1998,6,301.2169,0.3856608,299.06885,0.07815552,10
1998,7,301.0901,0.32829794,299.0347,0.107554115,10
1998,8,300.94327,0.24077351,299.01974,0.18753052,10
1999,1,300.98853,0.10029602,299.2173,0.04788208,10
1999,2,300.74548,-0.2739563,299.12808,-0.11042277,10
1999,3,300.73117,-0.29263306,299.03513,-0.15316772,10
1999,4,300.9038,-0.09639486,298.94684,-0.20178223,10
1999,5,300.7678,-0.11368815,298.83984,-0.23743694,10
1999,6,301.02853,0.19731648,298.8611,-0.12958781,10
1999,7,300.70407,-0.057698566,298.725,-0.2021281,10
1999,8,300.82336,0.12083944,298.67477,-0.15744019,10
2000,1,300.6161,-0.27212524,299.20667,0.037261963,10
2000,2,300.87634,-0.14308675,299.2701,0.03157552,10
2000,3,300.9265,-0.09730021,299.30835,0.12005615,10
2000,4,301.3151,0.3148702,299.13562,-0.012990315,10
2000,5,300.81888,-0.06260172,299.01187,-0.065389,10
2000,6,300.74197,-0.0892334,298.88022,-0.1104838,10
2000,7,300.87607,0.11426798,298.8846,-0.042561848,10
2000,8,300.68497,-0.01755778,298.75128,-0.08093262,10
2001,1,301.01733,0.12911987,299.44037,0.27098083,10
2001,2,301.16684,0.14737956,299.38675,0.14822388,10
2001,3,301.2235,0.19969685,299.38406,0.1957906,10
2001,4,301.2288,0.22857666,299.34875,0.20013428,10
2001,5,300.7715,-0.109954834,299.24405,0.16677856,10
2001,6,300.84,0.0087890625,299.10007,0.10935465,10
2001,7,300.89932,0.13754272,299.10568,0.17850749,10
2001,8,300.8987,0.19621785,298.98495,0.15272014,10
2002,1,301.10812,0.21990967,299.3431,0.17370605,10
2002,2,301.35083,0.33138022,299.56534,0.32680258,10
2002,3,301.23746,0.2136739,299.38815,0.1998698,10
2002,4,301.0764,0.076182045,299.34363,0.19500732,10
2002,5,300.92136,0.03989665,299.28403,0.20673625,10
2002,6,300.86154,0.030334473,299.25046,0.25975546,10
2002,7,300.7018,-0.059977215,299.18945,0.26229858,10
2002,8,300.5372,-0.16530354,299.01413,0.18192546,10
2003,1,301.31616,0.42793274,299.3843,0.21490479,10
2003,2,300.88455,-0.13489787,299.28,0.041463215,10
2003,3,300.8683,-0.15552776,299.15573,-0.032562256,10
2003,4,301.1145,0.11428833,299.16678,0.018157959,10
2003,5,301.12955,0.24806722,299.11185,0.034566242,10
2003,6,301.07004,0.23883057,299.0886,0.09788004,10
2003,7,301.11426,0.35247803,299.17554,0.24838257,10
2003,8,301.0789,0.37636313,299.095,0.26278687,10
2004,1,301.38257,0.49435425,299.33844,0.16905212,10
2004,2,301.17053,0.1511027,299.38034,0.14179485,10
2004,3,301.63333,0.6095174,299.46573,0.2774353,10
2004,4,301.1556,0.15539551,299.31595,0.1673177,10
2004,5,301.31058,0.4290975,299.29562,0.21833293,10
2004,6,300.93283,0.101613365,299.26254,0.2718506,10
2004,7,301.17657,0.41479492,299.09497,0.16780598,10
2004,8,301.21057,0.50805664,299.10324,0.27100626,10
2005,1,301.2677,0.37948608,299.39313,0.2237091,10
2005,2,301.39407,0.37462363,299.4039,0.16535442,10
2005,3,301.4624,0.43858847,299.46933,0.28104654,10
2005,4,301.32956,0.32933554,299.34592,0.19728597,10
2005,5,301.4904,0.60893756,299.3663,0.28904215,10
2005,6,301.38174,0.5505473,299.2128,0.22211711,10
2005,7,301.2632,0.50145465,299.08026,0.15310669,10
2005,8,301.23743,0.5349223,299.04807,0.21584065,10
2006,1,301.18805,0.29981995,299.38446,0.21507263,10
2006,2,301.06976,0.050323486,299.37704,0.13851929,10
2006,3,301.05234,0.028544107,299.28543,0.09712728,10
2006,4,301.20834,0.2081197,299.30182,0.15319824,10
2006,5,301.09457,0.21310425,299.2242,0.14694214,10
2006,6,301.19266,0.36147055,299.2153,0.22461955,10
2006,7,300.978,0.21621704,299.12143,0.19428508,10
2006,8,301.0747,0.37220255,299.02927,0.19703166,10
2007,1,301.30984,0.42163086,299.35242,0.18299866,10
2007,2,301.1508,0.13133748,299.2441,0.005594889,10
2007,3,301.2396,0.2157898,299.10013,-0.088144936,10
2007,4,301.12363,0.123402916,299.1921,0.04348755,10
2007,5,301.17078,0.28929648,299.15927,0.08199056,10
2007,6,300.95755,0.12636311,298.99197,0.0012817383,10
2007,7,300.84726,0.08545939,298.9841,0.056955975,10
2007,8,301.00198,0.29945883,298.91757,0.085357666,10
2008,1,300.95862,0.070388794,299.10315,-0.0662384,10
2008,2,301.12387,0.10442098,299.15735,-0.08118693,10
2008,3,301.07962,0.05581665,299.16867,-0.01961263,10
2008,4,301.31662,0.3163859,299.10556,-0.04305013,10
2008,5,301.0919,0.21039836,299.09528,0.018005371,10
2008,6,301.35596,0.52473956,299.1154,0.12471517,10
2008,7,301.1986,0.43681845,299.03708,0.10991415,10
2008,8,301.1969,0.49438477,298.9593,0.1270752,10
2009,1,301.02722,0.13900757,299.47107,0.30168152,10
2009,2,301.17712,0.1576945,299.4351,0.19655354,10
2009,3,300.96634,-0.0574646,299.3383,0.15001424,10
2009,4,301.2137,0.21350098,299.36862,0.2200114,10
2009,5,301.00037,0.118896484,299.38797,0.3106893,10
2009,6,300.95273,0.121510826,299.3586,0.36789957,10
2009,7,301.06113,0.29932657,299.37314,0.44597372,10
2009,8,301.16568,0.46318564,299.30203,0.46983847,10
2010,1,301.576,0.68777466,299.46362,0.29423523,10
2010,2,301.668,0.6485596,299.28925,0.050720215,10
2010,3,301.75375,0.72994995,299.3817,0.19343059,10
2010,4,301.55936,0.5591329,299.27078,0.122161865,10
2010,5,301.67444,0.79296875,299.2268,0.14953613,10
2010,6,301.57205,0.7408447,299.06604,0.0753479,10
2010,7,301.466,0.70422363,298.95093,0.023773193,10
2010,8,301.53967,0.837148,298.88345,0.05122884,10
2011,1,301.12393,0.23571777,299.29602,0.12661743,10
2011,2,301.23138,0.21194458,299.30856,0.07003784,10
2011,3,301.47794,0.45412192,299.4293,0.24097697,10
2011,4,301.50665,0.5064392,299.35623,0.20761108,10
2011,5,301.26758,0.3861084,299.26968,0.19241333,10
2011,6,301.29245,0.4612325,299.15762,0.16695149,10
2011,7,301.2833,0.5215047,298.98056,0.053385418,10
2011,8,301.23022,0.52769977,298.8881,0.05588786,10
2012,1,301.2025,0.31428528,299.43756,0.26815796,10
2012,2,301.25137,0.23195393,299.50125,0.262736,10
2012,3,301.1091,0.08527628,299.42563,0.2373352,10
2012,4,301.34695,0.34676108,299.58383,0.43521118,10
2012,5,301.2153,0.33381143,299.45236,0.3750814,10
2012,6,301.21777,0.386556,299.29343,0.30271402,10
2012,7,301.1702,0.4084066,299.26614,0.33898926,10
2012,8,301.09323,0.39071655,299.09647,0.26424155,10
2013,1,301.18695,0.29873657,299.36707,0.19766235,10
2013,2,301.14822,0.12880452,299.4418,0.20326741,10
2013,3,301.2263,0.20248413,299.3888,0.20049031,10
2013,4,301.344,0.34379068,299.35703,0.2083842,10
2013,5,301.19818,0.31671143,299.2914,0.21413167,10
2013,6,301.02747,0.19626872,299.20096,0.21028645,10
2013,7,300.99313,0.23133342,299.11166,0.18451945,10
2013,8,301.01788,0.31536865,299.04788,0.21568806,10
2014,1,301.20416,0.31593323,299.5102,0.34080505,10
2014,2,301.19656,0.17711385,299.63846,0.3999227,10
2014,3,301.31445,0.29063925,299.72058,0.5322774,10
2014,4,301.39673,0.39650473,299.6641,0.5154826,10
2014,5,300.9098,0.028330484,299.45712,0.3798523,10
2014,6,301.07565,0.24445598,299.41907,0.4283854,10
2014,7,300.97604,0.21425374,299.2584,0.33121744,10
2014,8,300.98764,0.28510538,299.1685,0.3362732,10
2015,1,301.44772,0.5595093,299.62836,0.45896912,10
2015,2,301.21048,0.19105022,299.816,0.57748413,10
2015,3,301.44916,0.425354,299.8724,0.68410236,10
2015,4,301.46945,0.46922812,299.79053,0.64189655,10
2015,5,301.25565,0.37417603,299.86395,0.7866821,10
2015,6,301.16013,0.3288981,299.7311,0.7404175,10
2015,7,301.05057,0.28878784,299.63577,0.708608,10
2015,8,301.25977,0.55726117,299.61203,0.7798157,10
2016,1,301.4986,0.6103668,299.7014,0.5319824,10
2016,2,301.5341,0.51463825,299.7533,0.5147807,10
2016,3,301.65598,0.63217163,299.73898,0.5506999,10
2016,4,301.4277,0.4275004,299.66843,0.5198161,10
2016,5,301.2016,0.3201294,299.57812,0.5008647,10
2016,6,301.13425,0.3030497,299.52695,0.53623456,10
2016,7,301.22586,0.46409097,299.50125,0.574117,10
2016,8,301.3591,0.65656537,299.425,0.59277344,10
2017,1,301.03693,0.14871216,299.88904,0.71965027,10
2017,2,301.22052,0.20108032,299.6988,0.4602661,10
2017,3,301.49396,0.4701538,299.80566,0.6173808,10
2017,4,301.32034,0.32014975,299.55167,0.403066,10
2017,5,301.483,0.6015422,299.5571,0.47980753,10
2017,6,301.44193,0.6107076,299.42242,0.43173218,10
2017,7,301.40405,0.64227295,299.41644,0.48928833,10
2017,8,301.36258,0.6600545,299.2866,0.45437622,10
2018,1,301.39136,0.5031433,299.50055,0.33114624,10
2018,2,301.46106,0.44163004,299.49463,0.25609335,10
2018,3,301.3085,0.2846985,299.45752,0.26923624,10
2018,4,301.18652,0.18629964,299.45142,0.30278525,10
2018,5,300.9873,0.10583496,299.31796,0.24069214,10
2018,6,300.9498,0.11859131,299.3865,0.39582315,10
2018,7,300.90158,0.1398112,299.29318,0.36602783,10
2018,8,300.7781,0.07559204,299.14496,0.31274414,10
2019,1,301.4381,0.54989624,299.53317,0.36376953,10
2019,2,301.44095,0.4215088,299.62222,0.38370767,10
2019,3,301.6627,0.6388652,299.82275,0.63446045,10
2019,4,301.5375,0.5372823,299.64908,0.50045776,10
2019,5,301.4086,0.52711993,299.55002,0.47273764,10
2019,6,301.3555,0.5243123,299.4991,0.5084025,10
2019,7,301.40512,0.64332074,299.4277,0.5005391,10
2019,8,301.30893,0.6064046,299.29,0.4577942,10
2020,1,301.32126,0.43304443,299.49567,0.32626343,10
2020,2,301.38528,0.36583456,299.58157,0.34306845,10
2020,3,301.61398,0.59017944,299.53598,0.3476664,10
2020,4,301.68057,0.6803487,299.49222,0.34360757,10
2020,5,301.5806,0.6991374,299.37473,0.29745483,10
2020,6,301.46127,0.6300557,299.31274,0.322052,10
2020,7,301.34143,0.5796509,299.24442,0.3172811,10
2020,8,301.45694,0.7544454,299.2051,0.3728943,10
2021,1,301.33008,0.44187927,299.34238,0.17297363,10
2021,2,301.4518,0.4323934,299.21716,-0.021362305,10
2021,3,301.42337,0.39956665,299.16867,-0.01961263,10
2021,4,301.51883,0.51860553,299.1912,0.04257202,10
2021,5,301.58057,0.6991069,299.1291,0.051818848,10
2021,6,301.416,0.584788,299.16455,0.17386882,10
2021,7,301.34592,0.5841268,299.19748,0.27030435,10
2021,8,301.25214,0.5496216,299.18204,0.34984335,10
2022,1,301.44894,0.56073,299.3412,0.1717987,10
2022,2,301.608,0.5885722,299.39627,0.15773518,10
2022,3,301.5444,0.5205892,299.33704,0.14874268,10
2022,4,301.34302,0.34281412,299.2557,0.10707601,10
2022,5,301.3576,0.47613525,299.084,0.0067443848,10
2022,6,301.441,0.6097819,299.13565,0.1449585,10
2022,7,301.08624,0.3244629,299.01306,0.08591715,10
2022,8,301.0872,0.3846639,298.98373,0.1515096,10
2023,1,301.66113,0.77293396,299.83685,0.66744995,10
2023,2,301.57645,0.55699664,299.8143,0.5757548,10
2023,3,301.7836,0.75981647,299.8751,0.6867879,10
2023,4,301.9558,0.9555969,299.84033,0.69170123,10
2023,5,301.95212,1.0706381,299.81894,0.7416484,10
2023,6,302.13486,1.3036499,299.76056,0.76986694,10
2023,7,302.1277,1.3659058,299.73074,0.80358887,10
2023,8,302.1327,1.4301656,299.60214,0.7699178,10
2024,1,301.69937,0.8111572,299.56464,0.3952484,10
2024,2,301.9487,0.92925006,299.55185,0.31332397,10
2024,3,301.95474,0.93095905,299.59866,0.41038004,10
2024,4,301.9508,0.95058185,299.52017,0.3715515,10
2024,5,301.92502,1.0435486,299.55246,0.47517905,10
2024,6,302.08078,1.2495829,299.56772,0.57703656,10
2024,7,301.7909,1.0291239,299.42764,0.5004883,10
2024,8,301.93076,1.2282308,299.39566,0.56346637,10
2025,1,301.49036,0.60214233,299.57285,0.40344238,10
2025,2,301.47794,0.45850626,299.63513,0.3966166,10
2025,3,301.515,0.49121094,299.6047,0.41642252,10
2025,4,301.4637,0.46348062,299.48108,0.33246866,10
2025,5,301.43863,0.55714923,299.4915,0.4142151,10
1982,1,300.47937,0.07974243,298.2941,0.15661621,11
1982,2,300.38968,-0.041849773,298.21002,0.07394409,11
1982,3,300.32574,-0.16552734,298.1003,-0.06577555,11
1982,4,300.38516,-0.14046223,298.0363,-0.12566121,11
1982,5,300.4463,-0.13387044,298.0082,-0.11408691,11
1982,6,300.50305,-0.10825602,298.09827,-0.008056641,11
1982,7,300.50586,-0.12372843,298.1002,-0.03700765,11
1982,8,300.35596,-0.24563599,298.11694,-0.10035197,11
1983,1,300.4925,0.09286499,297.9789,-0.158549,11
1983,2,300.5018,0.07028198,297.98544,-0.15064494,11
1983,3,300.46176,-0.02952067,297.9673,-0.19878133,11
1983,4,300.50485,-0.02078247,298.04727,-0.11469523,11
1983,5,300.58023,5.086263e-05,298.08865,-0.03363037,11
1983,6,300.63855,0.02726237,298.0956,-0.010721843,11
1983,7,300.60193,-0.027659098,298.06125,-0.075937904,11
1983,8,300.3499,-0.25167847,298.0437,-0.17358398,11
1984,1,300.15344,-0.24619548,297.89676,-0.24073283,11
1984,2,300.18283,-0.24867757,297.86588,-0.27019247,11
1984,3,300.1764,-0.31489053,297.8452,-0.32085165,11
1984,4,300.2114,-0.31425986,297.7647,-0.3972473,11
1984,5,300.41916,-0.16103108,297.7752,-0.34708863,11
1984,6,300.34567,-0.26561484,297.77664,-0.3296814,11
1984,7,300.24594,-0.38364664,297.82462,-0.31254068,11
1984,8,299.9894,-0.6121623,297.87228,-0.34499106,11
1985,1,300.02853,-0.3711141,297.89258,-0.24490356,11
1985,2,299.91382,-0.5177002,297.81296,-0.32313028,11
1985,3,300.0632,-0.4280599,297.7947,-0.3713684,11
1985,4,300.1309,-0.39475504,297.7698,-0.39215088,11
1985,5,300.18314,-0.3970337,297.74115,-0.38115233,11
1985,6,300.28467,-0.32662964,297.74023,-0.36609903,11
1985,7,300.48703,-0.14253743,297.85764,-0.27954102,11
1985,8,300.3884,-0.21320598,297.8983,-0.31900024,11
1986,1,300.15134,-0.24829102,297.96863,-0.16885376,11
1986,2,300.22983,-0.20170085,298.0864,-0.049672443,11
1986,3,300.22165,-0.2696228,298.03848,-0.12760417,11
1986,4,300.2485,-0.2771403,298.04684,-0.115112305,11
1986,5,300.3048,-0.27534994,297.99344,-0.12885132,11
1986,6,300.3289,-0.28241983,297.92007,-0.18624878,11
1986,7,300.35068,-0.2789103,297.9799,-0.15727742,11
1986,8,300.2634,-0.33821616,298.05264,-0.164622,11
1987,1,300.37793,-0.021697998,298.13095,-0.006551107,11
1987,2,300.5255,0.09400431,298.14676,0.010701497,11
1987,3,300.6733,0.18202718,298.25244,0.086374916,11
1987,4,300.62595,0.10032145,298.22183,0.05987549,11
1987,5,300.7883,0.2081197,298.21982,0.09753418,11
1987,6,300.6785,0.067220055,298.17917,0.07283529,11
1987,7,300.82156,0.19199626,298.20047,0.06329346,11
1987,8,300.80746,0.20587158,298.38345,0.16617839,11
1988,1,300.36667,-0.03297933,298.032,-0.10547892,11
1988,2,300.4183,-0.013214111,298.04977,-0.08629354,11
1988,3,300.31943,-0.17184448,297.96732,-0.19875081,11
1988,4,300.46317,-0.06245931,297.97644,-0.18550618,11
1988,5,300.54004,-0.04012044,297.95782,-0.16446534,11
1988,6,300.6606,0.04932658,298.0269,-0.079447426,11
1988,7,300.59836,-0.031239828,297.99463,-0.14253743,11
1988,8,300.64734,0.04574585,298.0591,-0.15816243,11
1989,1,300.2434,-0.1562093,297.9921,-0.14539592,11
1989,2,300.35486,-0.076660156,298.08972,-0.046366375,11
1989,3,300.37137,-0.119893394,298.10666,-0.0594279,11
1989,4,300.27603,-0.24960327,298.01822,-0.14372762,11
1989,5,300.32657,-0.25358072,297.9299,-0.19237061,11
1989,6,300.43466,-0.17663574,297.87943,-0.22690837,11
1989,7,300.5671,-0.062479656,297.9519,-0.18526204,11
1989,8,300.62607,0.024475098,298.0281,-0.18916829,11
1990,1,300.35733,-0.04228719,298.16476,0.02726237,11
1990,2,300.58984,0.15833537,298.28992,0.15384929,11
1990,3,300.6766,0.18531291,298.4065,0.24041748,11
1990,4,300.6673,0.1416626,298.2615,0.09955851,11
1990,5,300.6271,0.04695638,298.14905,0.026757812,11
1990,6,300.68515,0.07384237,298.13196,0.025634766,11
1990,7,300.61758,-0.011973063,298.09567,-0.041493732,11
1990,8,300.6483,0.04668172,298.2068,-0.010487874,11
1991,1,300.463,0.06337484,298.14767,0.010203044,11
1991,2,300.4553,0.023783365,298.15427,0.018178305,11
1991,3,300.4848,-0.0064697266,298.19254,0.026448568,11
1991,4,300.49463,-0.030995687,298.19254,0.030598959,11
1991,5,300.50055,-0.07962036,298.20703,0.084747314,11
1991,6,300.5673,-0.043986004,298.21555,0.10922241,11
1991,7,300.57834,-0.051239014,298.25845,0.121287026,11
1991,8,300.53577,-0.065826416,298.3209,0.10361735,11
1992,1,300.5934,0.19378662,298.19696,0.05947876,11
1992,2,300.50058,0.06904093,298.0862,-0.049865723,11
1992,3,300.52457,0.03330485,298.15298,-0.013092041,11
1992,4,300.52908,0.0034383137,298.15958,-0.0023905437,11
1992,5,300.55643,-0.023742676,298.13693,0.014660644,11
1992,6,300.52042,-0.090861,298.07474,-0.03157552,11
1992,7,300.42407,-0.20551555,298.01883,-0.11835734,11
1992,8,300.4235,-0.17808025,298.07535,-0.14192708,11
1993,1,300.2513,-0.14830525,298.0094,-0.1280721,11
1993,2,300.3913,-0.040222168,298.04657,-0.08950806,11
1993,3,300.51474,0.023447672,298.16245,-0.0036214192,11
1993,4,300.45923,-0.06641642,298.17657,0.01461792,11
1993,5,300.41696,-0.16320801,298.08218,-0.040100098,11
1993,6,300.45627,-0.15501912,298.04227,-0.0640564,11
1993,7,300.4354,-0.19417317,298.01523,-0.12195841,11
1993,8,300.29202,-0.30954996,298.098,-0.11930338,11
1994,1,300.14362,-0.25601196,298.01743,-0.12004598,11
1994,2,300.15555,-0.27597046,297.94653,-0.1895345,11
1994,3,300.30664,-0.18463135,297.94556,-0.22050984,11
1994,4,300.44873,-0.0769043,298.0698,-0.092152916,11
1994,5,300.43088,-0.14931233,298.04706,-0.07521973,11
1994,6,300.43225,-0.17903645,298.04227,-0.06406657,11
1994,7,300.37784,-0.25172934,298.03223,-0.10494995,11
1994,8,300.27393,-0.32766724,298.08792,-0.12936401,11
1995,1,300.49734,0.097707115,298.14938,0.011912028,11
1995,2,300.56137,0.12986247,298.19687,0.06080119,11
1995,3,300.58325,0.09199015,298.0928,-0.073262535,11
1995,4,300.61514,0.08949789,298.0903,-0.07165527,11
1995,5,300.71933,0.13916016,298.08124,-0.041064452,11
1995,6,300.94333,0.3320414,298.11185,0.005544027,11
1995,7,300.98978,0.3601888,298.23538,0.09821574,11
1995,8,300.99734,0.39576212,298.30807,0.090799965,11
1996,1,300.49646,0.096842445,298.21106,0.07358805,11
1996,2,300.42297,-0.008534749,298.10745,-0.02863566,11
1996,3,300.4785,-0.012797038,298.2244,0.058339436,11
1996,4,300.4867,-0.038930256,298.17038,0.008412679,11
1996,5,300.58115,0.0009765625,298.1202,-0.002069092,11
1996,6,300.51968,-0.09161377,298.02823,-0.078074135,11
1996,7,300.56793,-0.061645508,298.08334,-0.053822834,11
1996,8,300.43295,-0.16864014,298.08804,-0.1292216,11
1997,1,300.42612,0.026468912,298.22504,0.08755493,11
1997,2,300.40805,-0.023468018,298.13864,0.0025736492,11
1997,3,300.60577,0.11450195,298.28232,0.116251625,11
1997,4,300.6636,0.13799031,298.37314,0.2111613,11
1997,5,300.6508,0.070627846,298.3676,0.2453125,11
1997,6,300.76053,0.1492513,298.39282,0.28649902,11
1997,7,300.73465,0.10506185,298.38443,0.2472636,11
1997,8,300.7341,0.1325175,298.501,0.28372192,11
1998,1,300.67026,0.27064005,298.1134,-0.024088541,11
1998,2,300.70853,0.2770284,298.05185,-0.084218346,11
1998,3,300.69345,0.20218913,298.1377,-0.02839152,11
1998,4,300.6924,0.1667989,298.13895,-0.023020426,11
1998,5,300.7938,0.2136027,298.1302,0.007904053,11
1998,6,300.87613,0.26482138,298.11475,0.008412679,11
1998,7,300.91824,0.28867593,298.1696,0.032399494,11
1998,8,300.90787,0.30629477,298.2603,0.043029785,11
1999,1,300.37463,-0.025004068,298.09818,-0.03930664,11
1999,2,300.41736,-0.014160156,298.08813,-0.04793294,11
1999,3,300.42477,-0.06650797,298.10947,-0.05662028,11
1999,4,300.50037,-0.025258383,298.03918,-0.12276205,11
1999,5,300.69894,0.118784584,297.99426,-0.12802124,11
1999,6,300.73154,0.12022909,297.98514,-0.121164955,11
1999,7,300.6589,0.029307047,298.002,-0.13516235,11
1999,8,300.7429,0.14129639,298.10867,-0.10859171,11
2000,1,300.3176,-0.0820516,298.13968,0.002187093,11
2000,2,300.4008,-0.030741373,298.14127,0.0052083335,11
2000,3,300.44943,-0.0418396,298.12543,-0.040649414,11
2000,4,300.49866,-0.026967367,298.17014,0.008178711,11
2000,5,300.50674,-0.073404945,298.12372,0.0014404297,11
2000,6,300.45218,-0.15909831,298.01276,-0.093566895,11
2000,7,300.48032,-0.1492513,298.0652,-0.07200114,11
2000,8,300.47845,-0.12313843,298.1335,-0.08376058,11
2001,1,300.55484,0.1552124,298.35947,0.22197469,11
2001,2,300.5806,0.14907837,298.36304,0.2269694,11
2001,3,300.66263,0.17136638,298.37943,0.21333821,11
2001,4,300.70175,0.17610677,298.46964,0.30769858,11
2001,5,300.6235,0.043314617,298.32574,0.2034607,11
2001,6,300.69608,0.08479818,298.2712,0.16489665,11
2001,7,300.63583,0.0062561035,298.31567,0.17850749,11
2001,8,300.73834,0.13674927,298.40378,0.18647258,11
2002,1,300.5361,0.13648479,298.2385,0.10100301,11
2002,2,300.60318,0.1716512,298.36768,0.2315979,11
2002,3,300.74524,0.25395712,298.49063,0.3245646,11
2002,4,300.6582,0.13255818,298.41855,0.25658163,11
2002,5,300.7565,0.17632039,298.43375,0.31145018,11
2002,6,300.58963,-0.021647135,298.34793,0.24160767,11
2002,7,300.60208,-0.027496338,298.43057,0.29340616,11
2002,8,300.61215,0.010559082,298.54504,0.32774863,11
2003,1,300.49792,0.09828695,298.25784,0.12035116,11
2003,2,300.47342,0.04191081,298.22388,0.0877889,11
2003,3,300.55505,0.06379191,298.27255,0.10645548,11
2003,4,300.66663,0.14099121,298.2739,0.11192831,11
2003,5,300.66156,0.08139038,298.2204,0.09811401,11
2003,6,300.7864,0.17510986,298.27646,0.17014568,11
2003,7,300.8352,0.20562744,298.3651,0.22793579,11
2003,8,300.92792,0.32632446,298.5402,0.32292685,11
2004,1,300.5877,0.18807983,298.35544,0.2179362,11
2004,2,300.61777,0.18625896,298.38962,0.2535502,11
2004,3,300.78943,0.2981669,298.52756,0.36147055,11
2004,4,300.8311,0.3054606,298.55664,0.39468384,11
2004,5,300.75903,0.17886353,298.39487,0.272583,11
2004,6,300.74692,0.13559978,298.41187,0.30555215,11
2004,7,300.9069,0.2773234,298.4346,0.29741415,11
2004,8,301.00208,0.40048218,298.5262,0.3089396,11
2005,1,300.53024,0.1305949,298.4294,0.29194131,11
2005,2,300.5527,0.12119547,298.4268,0.29071045,11
2005,3,300.6827,0.19144695,298.4109,0.24481201,11
2005,4,300.8559,0.33026123,298.44434,0.282369,11
2005,5,301.0519,0.47173056,298.40656,0.28424683,11
2005,6,301.03247,0.4211731,298.3754,0.26908365,11
2005,7,301.1687,0.5391337,298.41516,0.27799478,11
2005,8,301.2628,0.66120404,298.55655,0.33925375,11
2006,1,300.54538,0.14575195,298.35114,0.21365356,11
2006,2,300.65207,0.22056071,298.35703,0.22095744,11
2006,3,300.7957,0.3044332,298.5356,0.36953735,11
2006,4,300.78842,0.2627665,298.46143,0.29947916,11
2006,5,300.9298,0.34965006,298.4127,0.29041138,11
2006,6,301.0347,0.42341104,298.4053,0.29900107,11
2006,7,300.959,0.3294576,298.4545,0.3173116,11
2006,8,300.9879,0.38633218,298.531,0.31371054,11
2007,1,300.73425,0.33462524,298.3535,0.21599324,11
2007,2,300.62756,0.19603474,298.24756,0.11149088,11
2007,3,300.78098,0.289683,298.327,0.16090901,11
2007,4,300.78915,0.26352945,298.3254,0.16343181,11
2007,5,300.80673,0.2265625,298.22296,0.100665286,11
2007,6,300.7739,0.16257732,298.15488,0.04856364,11
2007,7,300.80264,0.17305501,298.2975,0.16031902,11
2007,8,300.89697,0.2953898,298.38156,0.16425578,11
2008,1,300.42075,0.021128336,298.13412,-0.003346761,11
2008,2,300.53824,0.1067098,298.19125,0.055185955,11
2008,3,300.5843,0.09301758,298.228,0.061920166,11
2008,4,300.64835,0.12271118,298.27304,0.111073814,11
2008,5,300.80417,0.22398885,298.25116,0.12888794,11
2008,6,300.81995,0.20865886,298.24136,0.13506062,11
2008,7,300.93713,0.307546,298.3259,0.18871053,11
2008,8,301.03433,0.4327291,298.42746,0.21016438,11
2009,1,300.59537,0.19576009,298.48813,0.35064697,11
2009,2,300.63968,0.20818074,298.52087,0.38479614,11
2009,3,300.673,0.181722,298.54803,0.381958,11
2009,4,300.70035,0.17471313,298.57153,0.40957642,11
2009,5,300.69177,0.11160278,298.55414,0.43187866,11
2009,6,300.7662,0.15489705,298.51572,0.40938315,11
2009,7,300.9004,0.270813,298.65152,0.5143636,11
2009,8,301.01505,0.4134725,298.7102,0.49293008,11
2010,1,300.7689,0.36927286,298.425,0.2875061,11
2010,2,300.80228,0.37075806,298.4504,0.3143209,11
2010,3,301.0043,0.51305133,298.58813,0.42204794,11
2010,4,301.18793,0.6622925,298.6216,0.4596456,11
2010,5,301.21933,0.63913983,298.5471,0.4248047,11
2010,6,301.3199,0.70858765,298.51767,0.4113566,11
2010,7,301.26874,0.63916016,298.5041,0.36691284,11
2010,8,301.39395,0.7923787,298.58786,0.3705546,11
2011,4,300.98767,0.4620463,298.89224,0.73028564,11
2011,5,301.08,0.49980673,298.80984,0.6875488,11
2011,6,301.1865,0.5751953,298.7585,0.65218097,11
2011,7,301.20316,0.5735779,298.7687,0.63153076,11
2011,8,301.25894,0.65736896,298.7689,0.5515849,11
2012,1,300.85767,0.4580485,298.72635,0.588857,11
2012,2,300.78915,0.35762534,298.73117,0.59507245,11
2012,3,300.9184,0.42712402,298.87183,0.7057597,11
2012,4,301.05362,0.5279948,298.89877,0.7368266,11
2012,5,300.95374,0.37356567,298.81436,0.6920837,11
2012,6,300.98764,0.37634277,298.7794,0.67304486,11
2012,7,301.00082,0.37124634,298.88742,0.75025433,11
2012,8,301.06567,0.46407065,298.89102,0.6737569,11
2013,1,300.77298,0.3733419,298.76688,0.6294047,11
2013,2,300.88083,0.44932047,298.78357,0.64749146,11
2013,3,301.0356,0.54435223,298.8183,0.6522217,11
2013,4,301.02625,0.50062054,298.7684,0.6064351,11
2013,5,301.0614,0.4812317,298.79663,0.67434084,11
2013,6,300.96997,0.35866293,298.78174,0.67540485,11
2013,7,300.96298,0.3333842,298.8129,0.67571,11
2013,8,300.99756,0.39597574,298.90112,0.6838379,11
2014,1,300.94977,0.5501404,298.7863,0.64882404,11
2014,2,300.91687,0.48536173,298.81784,0.6817627,11
2014,3,300.87283,0.38155112,298.7888,0.6227112,11
2014,4,300.8914,0.36577353,298.87485,0.7128703,11
2014,5,300.88144,0.3012797,298.83585,0.7135498,11
2014,6,300.8185,0.20720418,298.7931,0.6867574,11
2014,7,300.80273,0.17315674,298.82986,0.6927083,11
2014,8,300.84805,0.24645996,298.9364,0.7191264,11
2015,1,300.26962,-0.13000488,298.73538,0.5979106,11
2015,2,300.85898,0.42743936,298.7941,0.6580098,11
2015,3,300.89096,0.39969888,298.87317,0.7070821,11
2015,4,300.91943,0.393809,298.96524,0.803304,11
2015,5,301.08255,0.5023804,299.07684,0.95455325,11
2015,6,300.94247,0.3311564,299.03226,0.92593384,11
2015,7,300.95477,0.3251953,299.11954,0.98238117,11
2015,8,301.08688,0.48528036,299.25687,1.0395712,11
2016,1,301.0826,0.6829834,298.79236,0.6548869,11
2016,2,300.94534,0.5138143,298.79868,0.66260785,11
2016,3,300.81586,0.32458496,298.83005,0.66397095,11
2016,4,300.83398,0.30835977,298.77567,0.6137187,11
2016,5,301.1953,0.6151428,298.8302,0.70791626,11
2016,6,301.2572,0.64590454,298.9121,0.8057963,11
2016,7,301.19153,0.5619405,298.99014,0.8529663,11
2016,8,301.23782,0.63624066,299.08627,0.86897784,11
2017,1,300.95593,0.55630493,298.81833,0.680837,11
2017,2,301.08945,0.65793866,298.8809,0.744812,11
2017,3,301.14615,0.65489703,299.0079,0.8418274,11
2017,4,301.1592,0.63357544,299.02905,0.86709595,11
2017,5,301.098,0.51782227,298.94775,0.82547,11
2017,6,301.28867,0.677358,298.9268,0.8204549,11
2017,7,301.29086,0.6612752,299.01587,0.87868243,11
2017,8,301.32095,0.71937054,299.06326,0.8459981,11
2018,1,300.8942,0.49457803,298.6736,0.536143,11
2018,2,300.88474,0.4532064,298.639,0.5029399,11
2018,3,300.91446,0.4231771,298.69345,0.52737427,11
2018,4,300.98325,0.45760092,298.8076,0.64560956,11
2018,5,300.97153,0.39135742,298.75363,0.6313599,11
2018,6,300.89737,0.28608194,298.8089,0.7025757,11
2018,7,300.86877,0.2391866,298.87674,0.7395528,11
2018,8,300.82956,0.22797649,299.03793,0.820638,11
2019,1,301.18085,0.7812195,299.1139,0.9764099,11
2019,2,301.20895,0.7774251,299.1423,1.0062155,11
2019,3,301.27573,0.78446454,299.24234,1.0762533,11
2019,4,301.38156,0.8559367,299.31815,1.1561788,11
2019,5,301.38522,0.8050639,299.2656,1.1433166,11
2019,6,301.1891,0.5777893,298.98474,0.8784078,11
2019,7,301.27933,0.6497701,298.98105,0.8438619,11
2019,8,301.27072,0.6691284,298.9832,0.76592,11
2020,1,301.05884,0.6592,298.79868,0.66118366,11
2020,2,301.17383,0.7422994,298.7998,0.6637166,11
2020,3,301.23114,0.73986816,298.8312,0.66515094,11
2020,4,301.23853,0.71288043,298.8594,0.69746906,11
2020,5,301.25198,0.6718343,298.8648,0.74249876,11
2020,6,301.26297,0.6516622,298.88626,0.77993774,11
2020,7,301.2313,0.6017253,298.9534,0.81621295,11
2020,8,301.2815,0.6799011,299.05792,0.8406372,11
2021,1,301.0199,0.6202596,298.74747,0.60997516,11
2021,2,300.95175,0.52023315,298.59738,0.46129355,11
2021,3,301.0967,0.60543823,298.7708,0.6047363,11
2021,4,301.12582,0.6001994,298.89914,0.7371928,11
2021,5,301.2864,0.7062581,298.9002,0.7779175,11
2021,6,301.27744,0.66611737,298.90714,0.80082196,11
2021,7,301.19568,0.5661011,298.96738,0.8302002,11
2021,8,301.02084,0.4192505,299.0259,0.8086141,11
2022,1,301.08862,0.68900555,298.77658,0.6390788,11
2022,2,301.09457,0.6630351,298.73804,0.6019694,11
2022,3,301.11816,0.6268819,298.7172,0.55113727,11
2022,4,301.11868,0.5930481,298.71246,0.5505066,11
2022,5,301.1312,0.5510152,298.736,0.6137146,11
2022,6,301.2141,0.6028137,298.76782,0.6615092,11
2022,7,301.01627,0.3866984,298.8292,0.6920268,11
2022,8,300.99124,0.38964844,298.8994,0.6821289,11
2023,1,301.0886,0.68897504,298.97513,0.8376567,11
2023,2,301.19937,0.767863,298.9857,0.8495992,11
2023,3,301.3352,0.8439331,299.08218,0.91611737,11
2023,4,301.40195,0.87632245,299.2053,1.0433451,11
2023,5,301.50064,0.920461,299.19427,1.0720154,11
2023,6,301.60696,0.9956563,299.1764,1.0700582,11
2023,7,301.72824,1.0986735,299.2194,1.0822144,11
2023,8,301.81808,1.2165018,299.33322,1.1159261,11
2024,1,301.34152,0.94188434,298.82443,0.6869405,11
2024,2,301.44788,1.0163676,298.8215,0.6854248,11
2024,3,301.54123,1.0499369,298.88022,0.7141215,11
2024,4,301.6783,1.152659,298.96024,0.79829913,11
2024,5,301.66873,1.0885519,298.97543,0.8531494,11
2024,6,301.75345,1.142161,298.97937,0.8730367,11
2024,7,301.63608,1.0065002,299.0414,0.90423584,11
2024,8,301.5759,0.974294,299.1427,0.92541504,11
2025,1,301.09415,0.69451904,298.89584,0.7583618,11
2025,2,301.17404,0.74250287,298.8489,0.7128398,11
2025,3,301.1482,0.6569214,298.98904,0.8229777,11
2025,4,301.1962,0.67057294,298.996,0.8340556,11
2025,5,301.19748,0.61731976,298.946,0.82373655,11
2025,6,301.22366,0.6123657,298.9355,0.8291626,11
